date,OIS_SW,OIS_1M,OIS_3M,OIS_6M,OIS_1Y,OIS_2Y,OIS_3Y,OIS_4Y,OIS_5Y,OIS_6Y,OIS_7Y,OIS_8Y,OIS_9Y,OIS_10Y,OIS_15Y,OIS_20Y,DE3M,DE6M,DE1Y,DE2Y,DE3Y,DE4Y,DE5Y,DE6Y,DE7Y,DE8Y,DE9Y,DE10Y,DE15Y,DE20Y,DE30Y,IT2Y,FR2Y,ES2Y,IT5Y,ES5Y,FR5Y,ES10Y,FR10Y,IT10Y,STOXX50,SX7E,EURUSD,EURGBP,EURJPY,
07/01/1999,,-5.00,-0.50,-5.25,-0.25,,,,,,,,,,,,,,,-1.50,-0.75,1.30,1.10,1.65,2.05,1.70,2.10,1.95,,2.20,1.30,,-1.30,3.55,,2.05,1.00,2.05,2.15,,-1.23,-1.18,0.15,0.08,0.00,
21/01/1999,,0.00,0.00,1.00,0.00,,,,,,,,,,,,,,,0.55,-0.50,-0.30,-0.55,-0.25,-0.30,-0.30,-0.25,-0.15,,-0.50,-0.40,,-0.40,0.00,,-0.90,-0.50,0.15,-0.45,,-0.21,-0.25,0.06,-0.09,0.10,
18/02/1999,0.00,0.00,0.00,0.00,0.00,,,,,,,,,,,,,,,-0.60,-0.30,-0.25,-0.35,-0.15,0.05,0.00,0.05,0.30,,0.10,0.05,,-1.50,-0.80,,-0.90,-0.20,-0.10,0.15,,0.17,0.08,0.02,0.04,0.04,
04/03/1999,-1.25,0.00,-0.50,0.00,0.00,,,,,,,,,,,,,,,-0.90,-0.30,-1.15,0.35,0.25,0.95,-0.30,0.10,0.10,,0.00,-0.55,,-1.50,0.00,,0.40,-0.20,0.65,0.25,,0.08,-0.16,0.05,0.10,0.34,
18/03/1999,0.50,-0.50,0.00,-0.50,1.00,,,,,,,,,,,,,,,0.00,0.75,0.25,0.90,0.35,0.45,0.70,0.65,0.65,,1.10,0.70,,0.70,1.05,,0.50,0.40,0.55,0.75,,0.06,0.09,0.05,0.03,-0.02,
08/04/1999,0.00,-2.50,0.00,0.10,0.10,,,,,,,,,,,,,,,0.80,0.50,-0.25,-0.20,0.35,0.00,0.00,0.10,-0.10,,0.45,0.20,,-0.65,-0.55,,-0.40,-0.40,0.50,-0.25,,-0.04,0.02,0.33,-0.01,0.17,
22/04/1999,0.00,0.00,0.00,0.00,-1.00,,,,,,,,,,,,,,,-0.30,0.05,-0.10,-0.10,-0.20,-0.15,-0.10,0.00,-0.20,,-0.30,0.00,,0.00,0.55,,-1.25,-0.30,-0.35,-0.10,,0.10,0.15,-0.06,-0.11,-0.25,
06/05/1999,1.00,0.00,1.00,0.10,0.70,,,,,,,,,,,,,,,1.40,2.50,2.65,3.25,4.95,5.25,5.60,6.05,5.25,,4.75,4.85,,2.50,1.75,,3.25,3.00,6.00,5.60,,-0.37,-0.51,0.08,-0.22,0.11,
20/05/1999,0.00,0.00,0.00,0.00,0.00,,,,,,,,,,,,,,,0.30,0.20,-0.10,0.15,-0.20,-0.20,0.05,-0.15,-0.15,,-0.20,-0.35,,0.50,0.65,,-21.00,0.00,-0.20,-0.25,,-0.02,0.05,-0.05,-0.07,0.04,
02/06/1999,0.00,0.50,-1.50,-0.50,-0.50,,,,,,,,,,,,,,,-0.90,0.00,0.65,0.60,0.60,0.50,0.15,0.35,0.55,,-0.40,0.20,,-0.40,0.60,,0.10,0.00,0.05,0.00,,-0.03,-0.11,-0.21,-0.11,-0.38,
17/06/1999,0.00,0.00,0.00,0.50,0.00,,,,,,,,,,,,,,,0.00,0.55,-0.30,-0.15,-0.20,-0.10,-0.25,-0.35,-0.20,,0.35,-0.15,,-0.20,0.00,,-0.45,0.10,1.55,-0.40,,-0.30,-0.14,-0.01,-0.20,-0.10,
01/07/1999,0.00,0.00,0.00,0.00,0.50,,,,,,,,,,,,,,,-0.85,1.60,2.20,2.35,1.80,0.90,1.10,1.15,1.65,,1.30,0.70,,2.20,4.50,,1.65,2.05,1.75,1.20,,-0.02,0.01,-0.44,-0.30,-0.31,
15/07/1999,0.00,1.50,0.00,2.50,6.50,,,,,,,,,,,,,,,10.15,9.65,9.45,8.95,7.40,5.55,4.60,2.70,3.15,,2.95,1.95,,9.00,8.55,,8.55,9.50,3.30,2.30,,0.61,0.25,0.43,0.17,0.37,
29/07/1999,0.00,0.00,-0.50,-1.00,-1.50,,,,,,,,,,,,,,,-1.45,0.55,-0.70,-0.75,-0.75,-0.95,-0.65,-0.55,-0.15,,-0.65,-0.30,,0.00,1.35,,-1.15,-0.40,-0.60,-0.40,,-0.07,-0.14,-0.07,-0.04,-0.08,
26/08/1999,,-0.50,0.50,-0.50,0.00,,,,,,,,,,,,,,,0.00,0.20,0.00,0.40,0.35,0.30,0.00,0.00,0.25,,0.20,0.05,,0.00,1.75,,0.30,0.10,0.00,0.00,,-0.24,-0.11,-0.15,-0.18,-0.25,
09/09/1999,-1.25,3.75,-5.00,-3.00,-2.00,,,,,,,,,,,,,,,-2.70,-1.05,-1.00,-0.90,-1.55,-0.70,-0.90,-0.85,-0.80,,-0.50,-0.20,,-1.60,-0.75,,-0.80,-0.90,-0.65,-0.80,,0.32,0.15,0.03,-0.65,-0.14,
23/09/1999,0.00,-4.50,-1.00,-1.50,0.00,,,,,,,,,,,,,,,-2.95,-1.85,-1.10,-1.65,-1.35,-1.20,-0.75,-1.05,-1.15,,-1.05,-1.30,,-1.75,-1.50,,-1.65,-2.35,-0.55,-0.95,,0.25,0.05,-0.17,-0.10,-0.14,
07/10/1999,-20.00,-16.50,-7.50,-4.50,-4.00,,,,,,,,,,,,,,,-1.95,-2.65,-2.95,-3.40,-1.85,-1.10,-1.25,-0.80,-1.00,,-0.05,-0.60,,-3.00,-2.70,,-1.95,-2.70,-1.35,-0.80,,-0.27,-0.04,0.20,0.16,0.13,
21/10/1999,-11.25,-8.25,-4.50,-3.75,-3.00,,,,,,,,,,,,,,,-3.70,-3.25,-2.95,-2.65,-2.50,-1.90,-1.75,-1.40,-1.05,,-1.25,-1.35,,-3.00,-2.85,,-2.80,-3.15,-1.30,-1.20,,-0.32,-0.17,0.16,-0.01,0.04,
04/11/1999,7.00,8.50,4.00,2.50,1.00,,,,,,,,,,,,,,,0.90,0.00,-1.05,-2.25,-1.20,-2.90,-3.15,-3.25,-3.95,,-4.15,-5.30,,0.25,2.10,,-3.40,-1.50,-3.70,-4.20,,0.53,0.63,0.42,0.05,0.33,
18/11/1999,0.00,-1.00,1.00,0.50,0.20,,,,,,,,,,,,,,,-0.35,-0.20,-0.30,-0.15,-0.15,0.05,-0.15,0.00,-0.15,,0.35,0.00,,-2.15,-1.70,,0.00,0.60,0.30,-0.10,,0.04,-0.10,-0.18,-0.13,-0.23,
02/12/1999,0.00,0.00,0.00,0.00,0.00,0.40,,,,,,,,,,,,,,-1.50,-0.20,0.30,0.30,0.25,0.10,-0.65,-0.50,-0.35,,-1.50,0.20,,0.00,0.45,,0.15,0.50,-0.45,-1.40,,0.14,0.03,-0.12,-0.39,0.07,
15/12/1999,0.00,0.00,0.00,0.00,-0.10,-0.20,,,,,,,,,,,,,,0.00,-0.20,0.00,-0.60,-0.95,-0.70,-0.35,-0.50,-0.25,,-0.70,-0.70,,-1.00,-0.25,,-0.05,-0.50,-0.40,-0.65,,0.10,-0.16,-0.01,0.06,-0.02,
05/01/2000,-1.25,1.00,-1.00,-1.00,-3.50,-2.50,,,,,,,,,,,,,,-2.20,-6.25,-4.85,-4.30,-4.00,-3.20,-2.95,-2.15,-2.25,,-1.10,-2.50,,-4.00,-3.90,,-4.50,-4.30,-2.45,-0.45,,-0.57,-0.04,-0.03,-0.04,0.13,
20/01/2000,0.00,0.50,0.00,0.00,0.00,1.00,,,,,,,,,,,,,,0.55,1.05,0.95,1.20,1.10,0.55,1.25,0.95,1.00,,1.65,1.45,,-0.40,1.00,,-0.50,1.00,1.05,1.05,,0.02,0.09,-0.08,-0.11,-0.13,
03/02/2000,4.50,1.00,-1.00,0.00,9.50,1.00,,,,,,,,,,,,,,2.90,-0.45,-0.60,-0.50,-2.20,-4.10,-3.90,-4.55,-4.50,,-11.10,-11.35,,-1.50,-2.75,,-1.50,-1.50,-4.30,-4.75,,1.51,0.58,0.50,0.54,0.36,
17/02/2000,0.50,0.00,0.00,0.00,0.00,0.00,,,,,,,,,,,,,,1.75,-0.20,0.30,0.60,0.30,0.55,0.65,0.40,0.50,,0.40,0.60,,0.90,-0.55,,-0.50,0.10,0.40,0.75,,0.13,0.11,0.05,0.03,0.02,
02/03/2000,-8.00,-4.00,-3.00,-2.00,-2.00,-2.00,,,,,,,,,,,,,,-2.70,-1.75,-2.05,-2.15,-2.35,-1.40,-1.50,-1.55,-1.75,,-0.85,-1.20,,-1.90,-2.40,,-2.00,-1.95,-1.50,-1.60,,0.38,0.10,0.17,0.22,0.57,
16/03/2000,-2.00,-4.00,-3.00,-3.50,-2.00,-2.50,,,,,,,,,,,,,,-2.40,-2.95,-2.25,-2.90,-1.10,-1.15,-0.35,-0.10,-0.25,,-1.30,0.35,,-2.00,-2.65,,-2.55,-3.55,0.10,-0.30,,0.03,0.09,-0.12,0.03,-0.21,
30/03/2000,-1.00,-0.50,0.00,-1.00,0.00,-1.00,,,,,,,,,,,,,,-0.50,-0.70,-0.45,-0.95,-0.80,-1.45,-1.60,-1.55,-1.80,,-1.30,-0.75,,-0.30,-1.05,,-0.85,-0.35,-1.45,-1.80,,0.35,0.16,-0.31,-0.45,-0.11,
13/04/2000,-4.50,-1.50,0.00,0.50,0.00,-2.50,,,,,,,,,,,,,,1.65,0.00,-0.45,-0.55,-0.20,-0.55,-0.50,-0.55,-0.65,,-0.40,-0.90,,1.65,1.15,,1.05,0.40,-0.30,-0.85,,-0.61,-0.06,-0.02,-0.15,0.01,
27/04/2000,0.50,-0.50,1.00,1.50,1.50,1.00,,,,,,,,,,,,,,0.85,1.25,0.35,0.55,0.00,-0.20,0.05,-0.10,-0.05,,-0.20,-0.45,,-0.30,0.85,,0.65,-0.05,-0.45,0.00,,0.00,0.10,-0.54,-0.56,-0.18,
11/05/2000,-3.00,0.00,0.50,1.50,3.50,2.50,,,,,,,,,,,,,,5.00,4.20,4.70,4.45,5.35,4.20,4.30,4.65,4.10,,4.35,4.10,,5.20,3.25,,4.05,4.75,4.90,5.00,,1.83,0.94,-0.65,-0.99,-1.04,
25/05/2000,-7.50,-2.50,-1.50,-1.00,0.00,0.50,,,,,,,,,,,,,,-0.30,-0.40,0.30,-0.10,-0.40,0.80,-0.15,0.45,0.45,,0.60,0.35,,-0.50,-0.60,,-0.40,-0.45,0.45,0.50,,0.16,0.04,-0.10,0.01,0.03,
08/06/2000,15.50,4.50,14.00,15.50,16.70,15.50,,,,,,,,,,,,,,14.30,15.45,13.15,11.60,9.55,7.85,5.80,5.60,5.20,,3.30,0.60,,16.60,19.75,,11.20,10.95,4.95,6.00,,-1.07,-0.46,0.09,0.68,0.21,
21/06/2000,-3.75,0.50,-0.55,-0.30,-1.50,0.00,,,,,,,,,,,,,,-0.65,-0.90,-0.15,-0.10,-0.20,-0.05,0.00,0.05,-0.10,,-0.40,-0.15,,-1.05,0.00,,-0.40,-0.50,0.00,-0.10,,0.06,0.06,-0.04,0.21,-0.05,
06/07/2000,0.00,2.50,1.25,1.50,2.50,3.50,,,,,,,,,,,,,,4.50,5.45,5.25,5.90,5.60,4.95,4.30,4.05,3.85,,3.55,1.25,,7.95,5.50,,5.90,5.80,4.30,4.20,,-0.10,-0.14,-0.07,-0.15,-0.06,
20/07/2000,0.00,-0.50,-0.50,0.00,-1.20,-1.00,,,,,,,,,,,,,,-0.90,-0.80,-1.15,-0.50,-0.80,-0.50,-0.60,-0.75,-0.65,,-1.15,-0.80,,-0.70,-0.25,,-0.95,-0.50,-0.95,-0.60,,-0.26,0.01,0.06,0.04,0.14,
03/08/2000,-1.00,-1.00,-0.80,-1.30,-1.00,-2.00,,,,,,,,,,,,,,-1.75,-1.20,-1.00,-1.00,-1.00,-0.90,-0.65,-0.85,-1.00,,-0.90,-0.50,,-0.90,-0.55,,-0.80,-0.95,-0.90,-0.70,,-0.17,0.09,0.02,-0.09,0.01,
31/08/2000,-8.50,-6.50,-6.00,-4.50,-3.80,,,,,,,,,,,,,,,-3.05,-3.80,-3.25,-2.85,-2.55,-1.85,-1.35,-0.95,-0.90,,-1.40,-0.75,,-2.00,-2.05,,-2.75,-2.40,-1.60,-1.20,,0.35,0.36,0.07,0.09,0.00,
14/09/2000,-2.50,-1.50,-3.50,-2.50,-2.00,-3.00,,,,,,,,,,,,,,-2.75,-1.55,-1.75,-2.10,-1.85,-2.10,-2.00,-2.25,-1.95,,-1.85,-1.10,,-3.10,-0.60,,-1.85,-1.80,-1.95,-2.15,,0.50,0.08,-0.55,-0.20,-0.58,
05/10/2000,11.25,7.00,6.00,5.50,5.00,4.00,,,,,,,,,,,,,,6.15,2.35,1.50,1.10,1.20,0.50,-0.05,-0.10,-0.50,,-0.15,0.15,,3.30,3.65,,0.70,0.55,-0.70,-0.40,,-0.34,-0.14,-0.19,-0.07,-0.20,
19/10/2000,-1.75,-0.50,-0.50,1.00,0.50,0.00,,,,,,,,,,,,,,1.15,-0.20,-0.15,0.05,-0.20,0.00,-0.35,-0.30,-0.50,,-1.10,-0.05,,0.70,1.20,,0.00,-0.15,-1.20,-0.10,,0.68,0.76,-0.23,-0.33,0.15,
02/11/2000,-1.00,0.00,-0.70,0.20,0.20,0.50,,,,,,,,,,,,,,-0.55,0.80,0.75,0.45,0.55,0.35,0.00,0.30,0.00,,0.20,-0.20,,2.00,-0.30,,0.40,0.75,0.10,0.15,,0.12,0.22,-0.71,-0.53,-0.63,
16/11/2000,0.00,-2.00,-1.50,-1.30,-1.50,-1.00,,,,,,,,,,,,,,-1.15,-1.00,-0.95,-1.05,-0.20,-0.50,-0.50,-0.45,-0.50,,-0.65,-0.60,,-1.00,-2.25,,-0.75,-0.55,-0.20,-0.55,,-0.19,-0.16,0.01,0.04,0.02,
30/11/2000,0.00,0.00,0.00,0.00,0.00,0.50,,,,,,,,,,,,,,0.60,0.40,0.45,0.60,0.60,0.40,0.55,0.35,0.60,,0.70,0.20,,0.40,-0.65,,1.00,0.45,1.60,0.60,,-0.05,-0.18,-0.10,0.13,-0.03,
14/12/2000,2.00,2.00,0.70,1.80,2.50,2.50,,,,,,,,,,,,,,3.95,2.70,2.45,2.65,2.50,2.00,1.80,1.65,1.60,,1.60,0.65,,2.90,2.95,,2.35,2.70,1.10,1.80,,0.38,0.25,-0.01,-0.07,-0.22,
04/01/2001,0.00,0.50,2.00,0.00,-0.50,-1.00,,,,,,,,,,,,,,-1.10,-0.25,-0.30,-0.60,-0.20,-0.15,0.00,0.25,0.30,,0.80,0.25,,-0.90,-0.70,,0.65,-0.75,0.10,0.25,,-0.03,0.09,0.19,0.17,0.33,
18/01/2001,0.00,-1.00,1.30,0.20,0.00,0.00,,,,,,,,,,,,,,0.55,0.00,-0.05,-0.20,0.20,-0.05,0.30,0.15,0.10,,0.15,0.20,,0.00,0.00,,-0.15,-0.20,0.25,0.05,,-0.16,-0.05,-0.06,-0.06,-0.09,
01/02/2001,0.00,1.00,0.80,0.50,-0.20,0.00,,,,,,,,,,,,,,1.10,-0.20,0.70,0.30,-0.10,0.00,-0.25,-0.25,-0.25,,-0.15,-0.50,,0.00,-0.70,,0.10,0.30,-0.55,-0.35,,0.08,0.03,-0.04,-0.08,-0.07,
15/02/2001,0.50,0.00,1.70,0.50,0.50,0.30,,,,,,,,,,,,,,0.55,0.80,1.05,0.45,0.75,0.25,0.20,0.35,0.25,,0.70,0.50,,0.60,0.35,,0.80,0.85,0.30,0.30,,0.25,0.16,-0.07,-0.04,-0.06,
01/03/2001,1.00,2.00,2.80,4.00,5.00,4.00,,,,,,,,,,,,,,5.00,4.50,3.30,2.55,2.25,2.05,1.45,1.30,1.15,,1.00,0.35,,4.00,3.35,,3.35,3.40,0.95,1.35,,-0.17,-0.09,0.38,0.23,0.29,
15/03/2001,1.50,0.50,0.00,0.70,0.70,0.70,,,,,,,,,,,,,,1.85,0.85,1.05,0.35,0.65,0.35,0.50,0.50,0.35,,0.30,0.00,0.60,-0.20,0.75,0.55,0.85,-0.20,0.50,0.65,0.00,0.11,0.10,-0.06,-0.05,-0.08,
29/03/2001,8.00,3.00,5.30,3.80,2.00,1.80,,,,,,,,,,,,,,2.75,2.70,2.70,2.25,1.80,1.35,1.15,1.10,0.95,,0.65,0.70,2.40,2.10,2.75,2.40,1.95,2.00,0.90,1.00,0.85,-0.53,-0.55,-0.41,-0.24,-0.28,
11/04/2001,30.00,17.00,12.50,10.50,14.50,13.50,,,,,,,,,,,,,,13.40,11.70,10.25,8.90,7.30,5.95,4.10,3.30,3.05,,2.25,0.70,12.90,13.00,12.25,9.40,9.80,9.20,3.15,3.05,3.30,0.71,0.28,-0.88,-0.47,-0.66,
26/04/2001,0.00,2.00,0.50,0.70,0.50,1.00,,,,,,,,,,,,,,0.85,0.90,0.85,0.50,0.60,0.55,0.30,0.30,0.40,,0.30,0.30,0.50,0.85,-0.45,0.50,0.75,0.90,1.00,0.60,0.40,0.27,0.14,0.46,0.24,0.42,
10/05/2001,-17.00,-18.00,-18.00,-17.20,-16.70,-12.00,,,,,,,,,,,,,,-14.20,-10.80,-7.30,-5.80,-3.80,-0.95,0.70,2.70,2.45,,3.30,4.90,-11.35,-12.45,-15.55,-5.85,-6.50,-5.60,2.45,2.70,2.00,0.81,0.77,-0.62,-0.28,-0.37,
23/05/2001,3.00,2.00,0.00,0.70,0.00,0.30,,,,,,,,,,,,,,0.30,0.20,-0.25,-0.25,-0.10,-0.15,-0.50,-0.35,-0.35,,0.10,-0.25,0.00,0.50,0.45,0.00,0.00,0.35,-0.40,-0.30,-0.75,-0.05,-0.01,-0.08,-0.05,-0.06,
07/06/2001,5.00,-1.00,2.50,-0.50,-0.30,-1.00,,,,,,,,,,,,,,-1.10,-1.00,-0.60,-0.70,-0.60,-0.90,-1.40,-1.55,-1.85,,-2.05,-1.65,-0.50,-0.85,-0.45,-0.80,-0.70,-0.45,-1.50,-2.10,-1.75,-0.16,-0.07,0.02,-0.15,0.03,
21/06/2001,6.00,10.00,1.50,2.00,1.30,-0.20,,,,,,,,,,,,,,0.80,-0.20,-0.60,-0.80,-1.30,-1.95,-2.05,-2.20,-2.25,,-2.55,-2.95,-0.55,-0.45,0.55,-1.15,-0.75,-0.95,-2.65,-2.95,-2.30,0.09,0.20,-0.47,-0.59,-0.43,
05/07/2001,0.50,2.00,2.00,2.00,1.00,0.00,,,,,,,,,,,,,,0.55,0.20,-0.60,-1.00,-1.70,-2.20,-2.65,-3.35,-3.15,,-3.35,-3.70,0.60,-0.20,0.75,-1.10,-1.20,-0.75,-3.15,-3.90,-3.45,-0.31,-0.25,-0.10,-0.03,-0.01,
19/07/2001,1.50,3.00,1.50,0.50,1.50,0.30,,,,,,,,,,,,,,0.30,0.60,-0.25,0.10,-0.05,0.30,0.10,0.30,0.25,,0.00,0.00,0.55,1.05,0.00,-0.40,-0.20,0.00,0.30,0.25,0.20,0.08,0.10,-0.18,-0.18,-0.24,
02/08/2001,8.50,7.50,4.00,4.00,4.50,4.00,,,,,,,,,,,,,,5.15,4.75,4.05,3.30,2.55,2.25,2.10,1.65,1.55,,1.80,1.30,5.10,5.60,4.80,4.15,3.10,3.40,1.60,1.80,1.60,-0.17,-0.18,-0.27,-0.20,-0.37,
30/08/2001,-6.50,2.00,-3.00,-5.00,-6.00,-5.50,,,,,,,,,,,,,,-7.70,-7.30,-6.70,-6.35,-5.70,-4.75,-4.10,-3.65,-3.60,,-2.95,-2.10,-6.80,-7.75,-7.80,-6.10,-6.00,-6.45,-3.55,-3.50,-3.70,-1.00,-0.70,0.14,0.30,0.15,
13/09/2001,2.00,2.00,1.00,0.00,0.00,0.50,,,,,,,,,,,,,,0.60,0.45,6.80,0.80,1.30,0.60,0.50,0.25,0.35,,0.20,0.55,0.50,1.00,0.55,0.85,0.90,0.80,0.65,0.30,0.45,-0.19,-0.07,-0.02,-0.11,-0.07,
17/09/2001,-45.00,-35.00,-30.00,-21.50,-14.00,-9.75,,,,,,,,,,,,,,-7.45,-3.85,-4.00,-2.80,-2.30,-1.05,-0.35,-0.05,-0.10,,0.55,1.05,-6.10,-6.00,-6.20,-3.50,-2.80,-3.00,0.05,0.10,-0.25,0.80,0.68,-0.25,-0.06,-0.12,
27/09/2001,3.00,2.00,0.30,3.50,-1.00,-0.30,,,,,,,,,,,,,,0.50,0.50,-0.25,-0.55,0.00,-0.25,-0.55,-0.60,-0.60,,-0.65,-0.90,-0.75,-0.30,-0.30,-0.25,-0.55,-0.30,-0.40,-0.55,-0.35,-0.71,-0.58,-0.04,0.01,0.02,
11/10/2001,12.00,6.50,4.50,6.50,7.75,7.00,,,,,,,,,,,,,,7.95,8.05,6.55,6.35,6.20,5.80,5.40,5.15,4.95,,5.05,3.75,8.35,7.25,6.90,6.15,5.75,5.95,4.65,5.00,4.75,0.90,1.00,-0.69,-0.26,-0.13,
25/10/2001,8.00,5.00,2.50,1.25,0.20,-1.00,,,,,,,,,,,,,,0.00,0.50,0.00,0.00,-0.40,-0.35,-0.30,-0.60,-0.50,,-1.00,-0.75,0.00,0.75,-0.30,-0.30,-0.20,-0.25,-0.35,-0.50,-0.80,-0.48,-0.33,-0.22,-0.18,-0.12,
08/11/2001,11.50,1.50,1.00,2.00,5.00,5.80,,,,,,,,,,,,,,5.90,4.80,4.55,4.30,3.80,3.10,1.75,0.75,0.65,,-0.45,-3.60,5.35,4.50,5.60,4.00,3.00,4.00,0.50,0.90,0.20,-0.52,-0.50,0.08,0.21,0.05,
06/12/2001,1.00,-1.25,2.25,3.00,5.50,7.00,,,,,,,,,,,,,,6.60,5.45,4.80,5.65,4.70,3.55,2.35,1.90,1.60,,0.30,-1.30,5.95,,6.90,4.95,4.45,4.80,1.60,1.40,1.40,-0.36,-0.26,0.24,-0.14,0.08,
03/01/2002,2.25,2.25,3.00,0.75,0.00,-1.50,,,,,,,,,,,,,,0.25,-0.95,-1.50,-1.95,-1.60,-3.05,-3.10,-3.45,-3.50,,-3.40,-3.60,-1.45,,-1.05,-2.10,-2.10,,-3.60,-3.95,-3.75,0.02,-0.31,-0.44,-0.41,-0.62,
07/02/2002,2.00,1.50,1.80,2.50,4.75,5.25,,,,,,,,,,,,,,6.70,6.35,6.75,6.75,6.60,5.90,5.80,5.30,5.20,,4.90,5.10,5.55,6.45,5.80,6.60,6.65,7.00,5.00,5.15,5.00,0.73,0.50,0.06,0.12,0.03,
07/03/2002,3.50,0.25,1.00,1.20,1.50,2.25,,,,,,,,,,,,,,1.50,1.55,1.30,1.45,1.15,0.70,0.85,0.70,0.45,,-0.10,-0.20,1.35,,1.50,0.65,1.10,0.60,0.25,0.40,0.25,0.20,0.12,0.21,0.07,0.04,
04/04/2002,0.00,-0.75,-0.75,-0.70,-2.50,-2.70,,,,,,,,,,,,,,-2.80,-3.30,-3.15,-2.85,-3.40,-2.80,-2.70,-2.70,-2.55,,-2.40,-2.50,-2.25,-3.25,-2.75,-2.60,-3.20,,-3.00,-3.00,-2.85,-0.15,-0.12,0.25,0.15,-0.12,
02/05/2002,0.75,1.50,2.00,4.25,7.70,7.75,,,,,,,,,,,,,,7.45,7.95,6.70,6.35,6.20,4.95,4.55,4.50,4.10,,3.40,3.35,7.50,7.85,8.40,6.35,6.85,6.60,4.35,4.40,3.95,-0.25,-0.24,0.22,0.04,0.20,
06/06/2002,-0.50,-1.20,0.00,1.00,2.25,1.80,,,,,,,,,,,,,,1.80,2.00,1.80,1.45,1.40,1.05,0.95,0.85,0.70,,0.80,0.60,1.80,2.00,2.30,1.25,1.40,1.35,0.75,0.85,0.70,-0.28,-0.18,0.47,0.41,0.15,
04/07/2002,-1.00,0.00,-1.00,-0.45,-1.00,-0.70,,,,,,,,,,,,,,-0.80,-1.75,-1.20,-1.25,-1.25,-1.05,-0.95,-1.00,-0.80,,-1.15,-1.15,-0.60,,-1.30,-1.45,-1.15,-1.15,-0.90,-0.80,-0.80,-0.24,-0.36,0.13,0.21,0.07,
01/08/2002,0.00,1.25,0.00,-0.30,-0.20,-1.00,,,,,,,,,,,,,,0.00,-0.45,-0.45,-0.40,-0.50,-0.50,-0.50,-0.65,-0.55,,-0.60,-0.50,-0.70,-1.60,-1.05,-0.25,-0.35,-0.75,-0.60,-0.60,-0.75,-0.53,-0.30,0.09,0.06,0.09,
12/09/2002,-0.50,-0.75,-0.80,-2.25,-4.00,-4.80,,,,,,,,,,,,,,-4.75,-5.00,-4.65,-4.85,-4.55,-3.90,-3.35,-3.15,-3.00,,-2.30,-2.00,-4.40,,-4.80,-4.55,-4.55,-4.50,-2.95,-3.15,-3.15,-0.88,-0.67,-0.11,-0.09,0.16,
10/10/2002,2.50,2.75,2.25,2.50,2.00,1.55,0.95,,,,,,,,,,,,,3.25,2.35,1.80,1.20,1.05,0.65,0.20,0.10,0.15,,0.25,0.00,2.15,2.65,2.30,1.70,1.45,1.15,0.15,0.25,0.25,-0.18,0.13,-0.08,-0.06,-0.12,
07/11/2002,13.30,6.90,2.50,0.50,-1.65,-3.95,-2.00,,,,,,,,,,,,,-2.80,-2.60,-2.95,-3.20,-3.30,-3.10,-2.85,-3.40,-3.10,,-4.00,-4.15,-2.30,-3.30,-2.95,-2.95,-2.80,-3.10,-3.25,-3.35,-3.25,-1.60,-1.88,0.22,-0.23,0.04,
05/12/2002,-8.00,-5.40,-3.45,-2.85,-1.55,2.00,3.75,,,,,,,,,,,,,4.35,4.20,4.00,4.30,4.00,3.95,3.85,3.80,3.60,,2.95,2.25,0.80,2.50,1.90,3.85,3.85,4.10,3.60,3.75,2.90,-0.89,-0.96,-0.06,-0.10,0.07,
09/01/2003,0.00,1.50,1.50,2.00,2.75,3.20,3.50,,,,,,,,,,,,,3.80,4.25,4.45,4.55,4.15,3.70,3.40,3.30,3.10,,3.45,3.05,3.00,3.75,3.25,4.05,4.55,4.00,3.00,3.10,2.65,1.24,1.30,-0.28,-0.10,-0.03,
06/02/2003,4.00,2.30,1.50,1.40,1.00,0.50,0.00,,,,,,,,,,,,,-0.25,0.30,0.25,-0.20,-0.20,-0.55,-0.70,-0.80,-0.70,,-1.40,-1.00,-0.30,0.55,0.35,0.00,0.15,-0.10,-0.85,-0.90,-0.70,-1.40,-1.09,0.04,0.32,-0.07,
06/03/2003,9.00,8.50,4.50,1.50,-1.70,-5.20,-5.50,,,,,,,,,,,,,-4.95,-4.90,-5.15,-4.30,-4.40,-3.70,-2.95,-2.55,-2.20,,-0.55,-0.65,-4.60,-5.20,-3.95,-5.05,-4.75,-4.95,-2.80,-2.30,-2.45,-1.39,-1.57,0.40,0.52,0.21,
03/04/2003,1.50,3.00,1.00,1.30,1.20,0.80,0.00,,,,,,,,,,,,,0.55,0.90,0.65,0.50,0.50,0.90,0.75,0.90,0.80,,0.20,-0.05,1.25,-0.95,0.35,0.50,0.60,0.40,0.70,0.70,0.65,-0.24,0.02,0.07,0.04,0.18,
08/05/2003,-0.55,0.95,3.00,4.00,4.00,3.75,3.00,,,,,,,,,,,,,4.15,2.70,2.80,2.80,2.30,2.50,2.20,2.00,2.15,,1.70,1.65,3.60,4.25,3.30,3.15,2.65,2.70,2.15,1.95,2.10,-1.12,-0.97,0.95,0.94,0.87,
05/06/2003,-6.00,-2.50,-3.80,-4.50,-7.00,-9.75,-10.75,,,,,,,,,,,,-7.45,-8.45,-11.05,-11.75,-12.35,-10.80,-10.10,-9.75,-9.05,-9.00,,-7.40,-7.20,-10.15,-7.75,-9.75,-11.55,-11.95,-11.75,-8.70,-9.15,-8.90,-0.94,-0.68,1.06,0.37,0.51,
10/07/2003,-0.25,0.50,0.70,1.00,0.00,-0.75,-0.50,,,,,,,,,,,,0.20,-0.55,-0.50,-0.45,-0.55,-0.65,-0.50,-0.75,-0.55,-0.75,,-0.80,-0.65,-0.30,-0.40,-0.25,-0.65,-0.35,-0.50,-0.60,-0.70,-0.50,0.26,0.17,-0.04,-0.04,-0.03,
31/07/2003,0.00,0.00,1.00,0.25,0.75,0.50,0.50,,,,,,,,,,,,-0.10,0.40,0.20,0.25,0.30,0.30,0.15,0.20,0.10,0.30,,0.45,0.30,0.05,0.05,-0.50,0.05,0.00,0.50,0.15,0.30,0.15,-0.08,-0.10,0.20,0.02,0.06,
04/09/2003,-3.00,0.25,0.00,-0.50,-1.50,-2.45,-1.50,,,,,,,,,,,,-1.10,-1.75,-2.05,-1.60,-1.20,-1.20,-1.00,-1.10,-0.95,-1.00,,-1.10,-0.60,-2.25,-2.75,-1.35,-1.35,-1.25,-1.10,-0.85,-1.05,-0.85,-0.15,-0.21,0.58,0.00,0.71,
02/10/2003,1.00,0.55,0.80,1.25,2.00,2.75,2.75,,,,,,,,,,,,1.60,1.90,1.60,1.85,2.15,1.95,1.40,1.20,1.15,1.00,,0.80,0.75,2.55,3.00,2.70,2.00,2.00,2.20,1.20,0.75,0.95,-0.78,-0.75,-0.03,-0.26,-0.27,
06/11/2003,0.00,0.05,0.00,0.50,1.00,1.50,2.75,,,,,,,,,,,,1.95,1.85,2.45,2.50,2.90,2.75,2.90,2.70,2.60,2.50,,1.60,1.60,2.10,2.10,1.60,2.80,2.55,3.00,2.70,2.50,2.45,0.10,0.09,-0.28,0.01,-0.10,
04/12/2003,0.00,0.20,0.00,-1.00,-2.45,-3.60,-3.00,,,,,,,,,,,,-0.15,-3.95,-4.15,-3.80,-3.30,-2.70,-2.50,-2.65,-2.30,-2.20,,-1.80,-1.80,-3.85,-4.30,-3.95,-3.35,-3.45,-3.40,-2.15,-2.25,-2.05,-0.47,-0.33,0.54,0.49,0.45,
08/01/2004,0.00,0.50,-0.40,-0.55,-1.45,-2.25,-1.75,,,,,,,,,,,,-3.00,-1.85,-1.85,-2.15,-1.90,-1.75,-1.85,-1.60,-1.60,-1.70,,-1.40,-1.40,-1.70,-1.55,-1.60,-2.05,-1.90,-1.75,-1.60,-1.55,-1.60,0.32,-0.18,0.82,0.09,0.81,
05/02/2004,1.00,-0.10,-0.55,-0.40,-1.75,-2.30,-3.00,,,,,,,,,,,,-0.50,-2.15,-2.40,-2.75,-2.85,-3.00,-3.00,-2.80,-2.80,-2.75,,-2.65,-2.60,-2.30,-2.45,-1.80,-2.85,-2.80,-2.90,-2.95,-2.80,-2.85,-0.08,-0.06,0.31,0.07,0.32,
04/03/2004,2.50,3.00,2.55,2.90,4.00,4.00,4.00,,,,,,,,,,,,3.00,4.00,3.35,3.25,3.10,2.85,2.60,2.45,2.10,2.05,,0.95,0.80,4.20,3.95,4.15,3.15,3.25,3.15,2.10,2.20,2.00,0.25,0.07,-0.31,0.01,-0.19,
01/04/2004,2.00,4.00,4.40,6.70,8.00,7.50,7.20,,,,,,,,,,,,8.00,7.50,7.30,6.10,5.20,4.80,4.45,4.15,3.70,3.60,,2.10,1.85,7.95,8.30,8.25,5.45,6.45,5.40,3.65,3.60,3.50,-0.38,-0.20,0.34,0.05,0.23,
06/05/2004,0.30,0.05,0.60,1.25,1.50,2.00,2.30,,,,,,,,,,,,0.75,1.65,1.30,1.30,1.30,1.05,0.90,0.80,0.60,0.70,,0.70,0.55,1.45,2.35,1.65,1.30,1.15,1.35,0.65,0.70,0.70,-0.38,-0.53,-0.25,-0.23,0.02,
03/06/2004,-1.00,-0.75,-0.20,-1.00,-1.50,-2.00,-2.25,,,,,,,,,,,,-0.70,-1.80,-1.95,-1.95,-1.80,-1.65,-1.40,-1.30,-1.10,-1.10,,-1.15,-1.15,-2.10,-0.55,-2.20,-1.70,-1.75,-1.70,-1.55,-1.15,-1.10,0.16,0.17,0.01,-0.03,-0.04,
01/07/2004,0.50,0.20,0.00,-0.15,0.15,-0.25,0.00,,,,,,,,,,,,1.30,-0.25,-0.75,-0.25,-0.25,-0.20,-0.25,-0.15,-0.35,-0.30,,-0.25,-0.25,-0.50,-0.40,-0.20,-0.30,0.00,-0.25,-0.10,-0.25,-0.20,-0.26,-0.24,0.12,0.06,-0.05,
05/08/2004,3.30,-0.10,0.20,0.50,-0.55,0.25,0.10,,,,,,,,,,,,0.00,-0.60,-0.15,-0.15,-0.10,-0.15,-0.10,-0.10,-0.10,-0.10,,-0.05,-0.20,0.25,0.00,0.25,0.00,0.00,-0.05,0.00,-0.10,-0.20,0.06,0.06,-0.01,-0.01,-0.03,
02/09/2004,2.50,0.00,2.60,-0.80,2.00,1.55,1.70,,,,,,,,,,,,0.00,1.70,1.75,1.65,1.45,1.35,1.35,1.20,1.10,1.05,,0.85,0.85,1.90,1.90,1.60,1.35,1.35,1.50,1.20,1.10,1.15,-0.16,-0.11,0.00,0.30,0.05,
07/10/2004,-1.25,-0.63,-1.70,-0.48,-0.70,-1.10,-0.25,,,,,,,,,,,,0.00,-1.30,-1.00,-0.70,-0.45,-0.30,-0.20,0.15,0.25,0.30,,0.40,0.30,-0.80,-1.35,-1.20,-0.60,-0.70,-0.40,0.30,0.20,0.30,-0.06,0.06,0.09,-0.16,-0.04,
04/11/2004,-0.50,-0.50,-0.50,-0.05,-0.70,-0.25,-0.30,,,,,,,,,,,,0.00,-0.40,-0.20,-0.40,-0.45,-0.75,-0.75,-0.95,-1.15,-1.10,,-1.25,-1.20,-0.40,-0.45,-0.30,-0.40,-0.40,-0.55,-1.05,-1.20,-1.00,-0.08,-0.01,0.14,0.34,-0.06,
02/12/2004,3.40,0.70,0.70,0.48,2.60,3.40,3.20,,,,,,,,,,,,3.30,4.20,3.70,2.85,2.30,2.05,1.75,1.45,1.25,1.25,,1.10,1.05,3.60,3.35,4.00,2.40,2.35,2.40,1.45,1.20,1.20,-0.35,-0.33,0.24,0.09,0.10,
13/01/2005,0.00,-1.40,-1.47,-2.60,-5.55,-7.75,-8.00,,,,,,,,,,,,-4.45,-7.80,-7.60,-7.25,-7.15,-6.55,-6.35,-5.90,-5.45,-5.35,,-4.90,-4.80,-7.00,-8.25,-7.35,-7.20,-7.20,-7.75,-5.40,-5.50,-5.40,0.02,0.10,-0.31,-0.17,-0.63,
03/02/2005,-0.05,-0.25,0.35,-0.05,-1.45,-0.95,-0.80,,,,,,,,,,,,-1.20,-0.85,-0.95,-0.40,-0.10,-0.10,0.00,0.15,0.05,0.15,,0.05,0.10,-1.30,-1.05,-1.05,-0.25,-0.50,-0.25,0.10,0.10,0.10,-0.33,-0.27,-0.46,-0.07,-0.02,
03/03/2005,0.20,0.00,-0.40,-0.65,-1.30,-1.25,-0.90,,,,,,,,,,,,-1.30,-1.35,-1.35,-1.40,-1.20,-1.05,-1.00,-0.90,-1.05,-0.90,,-1.20,-1.35,-1.30,-1.65,-1.35,-1.05,-1.35,-1.20,-0.90,-0.75,-1.00,0.17,0.32,-0.09,0.07,-0.04,
07/04/2005,-0.10,-0.80,-0.30,-1.10,-2.30,-3.30,-3.50,,,,,,,,,,,,-1.00,-3.35,-3.40,-3.40,-3.35,-3.10,-3.25,-3.10,-3.10,-2.95,,-2.40,-2.10,-3.20,-3.50,-2.85,-3.10,-3.45,-3.40,-2.95,-3.00,-3.00,-0.31,-0.19,0.04,-0.01,0.05,
04/05/2005,-0.25,-0.10,0.00,0.25,0.35,0.70,0.50,,,,,,,,,,,,0.45,0.65,0.95,1.15,1.50,1.60,1.90,2.15,2.40,2.35,,3.40,3.95,0.65,0.65,0.35,1.50,1.10,1.50,2.35,2.40,2.30,0.26,0.27,-0.02,0.06,-0.01,
02/06/2005,1.10,0.50,0.20,2.00,2.20,1.70,1.60,,,,,,,,,,,,1.45,1.75,1.85,1.85,1.85,1.55,1.20,0.80,0.80,0.85,,0.30,0.25,2.00,1.85,2.45,2.00,1.85,1.85,0.80,0.80,0.80,-0.14,-0.13,-0.16,-0.02,-0.06,
07/07/2005,0.60,0.50,0.50,2.10,3.24,4.20,5.05,,,,,,,,,,,,3.20,4.85,4.80,4.95,5.15,4.90,4.50,3.95,4.00,4.15,,3.70,4.25,4.10,4.50,3.80,5.05,4.95,5.30,3.65,4.25,4.35,0.93,0.73,-0.56,-0.58,-0.23,
04/08/2005,0.00,0.00,0.00,0.30,0.00,-0.20,-0.15,,,,,,,,,,,,0.05,-0.45,-0.05,-0.20,-0.15,-0.05,-0.15,-0.35,-0.20,-0.15,,-0.25,-0.25,0.00,-0.05,0.00,-0.30,-0.30,-0.30,-0.15,-0.20,-0.25,-0.05,-0.02,-0.08,0.01,-0.05,
01/09/2005,-0.50,0.00,0.00,-0.30,-1.40,-2.65,-2.05,,,,,,,,,,,,-1.30,-3.15,-2.95,-3.00,-2.95,-2.75,-2.50,-2.30,-2.20,-2.25,,-1.95,-1.75,-1.55,-3.00,-3.55,-3.10,-3.10,-2.90,-2.10,-2.30,-2.05,0.12,0.15,0.13,-0.14,0.07,
06/10/2005,0.00,0.00,-0.20,-0.10,-0.30,-0.50,-0.40,,,,,,,,,,,,-0.10,-0.55,-1.00,-1.15,-1.15,-1.05,-1.05,-1.05,-1.05,-1.30,,-1.00,-0.65,-0.15,-0.35,-0.50,-1.20,-1.10,-1.15,-1.10,-1.25,-1.10,0.20,0.13,0.47,0.26,0.22,
03/11/2005,-0.50,-1.50,-0.85,-0.65,-0.10,-0.20,-0.10,,,,,,,,,,-0.75,-0.95,-0.60,0.50,0.00,-0.25,-0.20,-0.35,-0.40,-0.60,-0.50,-0.45,,-0.75,-0.60,-0.50,-0.20,-0.20,-0.20,-0.25,-0.25,-0.60,-0.60,-0.60,0.66,0.38,-0.39,-0.21,-0.37,
01/12/2005,-0.65,-1.30,-1.85,-2.40,-2.85,-3.10,-2.95,,,,,,,,,,-1.00,-2.50,-1.90,-3.55,-3.45,-2.75,-2.25,-2.15,-1.90,-1.55,-1.50,-1.55,,-1.10,-1.10,-3.10,-3.20,-2.80,-2.40,-2.40,-2.50,-1.45,-1.50,-1.45,0.47,0.34,-0.46,-0.38,-0.35,
12/01/2006,-1.30,-1.00,-1.30,-1.85,-3.00,-3.70,-2.60,,,,,,,,,,-1.55,-1.00,-2.80,-3.25,-3.25,-3.15,-3.20,-3.05,-2.90,-2.50,-2.35,-2.30,,-2.10,-1.95,-3.45,-2.85,-1.90,-2.85,-3.25,-3.55,-2.25,-2.25,-2.30,0.12,0.03,-0.79,-0.36,-0.44,
02/02/2006,-1.00,-1.20,-0.60,-0.55,-0.20,0.00,0.00,,,,,,,,,,-0.55,-0.50,-0.40,0.25,0.20,0.25,0.30,0.30,0.35,0.10,0.25,0.20,,0.10,0.00,0.00,0.20,-0.30,0.10,0.40,0.35,0.15,0.15,0.15,0.03,0.00,-0.09,-0.01,-0.04,
02/03/2006,0.10,-0.30,-0.10,0.95,2.45,4.20,5.15,,,,,,,,,,-0.55,0.30,2.60,4.85,5.45,5.85,6.60,6.35,5.75,5.25,5.10,4.70,,4.30,3.80,5.15,5.00,3.35,6.35,6.45,6.50,4.85,4.95,4.85,-0.54,-0.56,0.14,0.22,0.22,
06/04/2006,0.00,-1.30,-8.20,-8.90,-9.30,-8.80,-8.10,,,,,,,,,,-7.65,-9.00,-9.10,-8.10,-7.75,-7.45,-6.80,-6.05,-5.25,-4.70,-4.20,-4.10,,-3.15,-2.65,-8.20,-8.00,-8.50,-7.25,-7.10,-7.35,-4.15,-4.20,-3.70,0.32,0.27,-0.73,-0.42,-0.52,
04/05/2006,0.00,-2.10,0.25,0.35,0.90,1.20,1.10,,,,,,,,,,-1.15,0.50,0.70,1.30,1.30,1.35,1.45,1.35,1.25,1.20,1.10,0.95,,1.00,0.80,1.30,1.10,0.85,1.30,1.40,1.30,1.05,1.05,0.90,-0.04,-0.11,0.31,0.16,0.11,
08/06/2006,-2.00,-2.60,-3.90,-3.15,-2.45,-1.25,-0.25,,,,,,,,,,-3.40,-3.55,-2.90,-0.75,0.05,1.20,1.50,2.25,2.30,2.30,2.55,2.60,,2.70,2.80,-0.60,0.10,-1.50,1.10,1.30,1.30,2.30,2.35,2.60,0.59,0.38,-1.01,-0.46,-0.47,
06/07/2006,0.00,-1.05,1.75,2.40,3.20,3.10,2.90,,,,,,,,,,3.40,1.70,3.40,3.00,2.95,2.25,1.80,1.35,0.95,0.60,0.20,0.10,,-0.85,-1.10,3.40,2.90,3.35,1.90,2.15,1.85,0.10,0.10,0.00,-0.12,-0.12,0.07,0.01,-0.18,
03/08/2006,0.00,1.00,1.00,1.45,2.10,2.50,2.65,,,,,,,,,,0.55,1.75,2.90,1.85,2.20,2.05,2.00,1.55,1.35,1.20,1.05,0.80,,0.55,0.50,2.25,2.30,2.70,1.70,1.90,1.95,0.90,1.25,0.65,0.00,-0.05,0.30,0.15,0.27,
31/08/2006,0.00,-0.10,0.35,1.40,1.85,0.95,0.65,,,,,,,,,,-2.00,1.25,2.10,1.20,-0.10,-1.10,-1.45,-1.75,-2.10,-2.55,-3.00,-3.10,,-3.40,-3.85,1.20,1.55,1.50,-1.45,-0.25,-0.80,-2.95,-3.10,-3.10,-0.02,0.11,-0.14,-0.01,-0.14,
05/10/2006,0.00,0.05,0.00,-0.10,0.00,-0.50,0.15,,,,,,,,,,-3.05,0.10,-0.10,0.25,0.10,0.00,0.00,-0.20,-0.65,-0.75,-0.70,-0.80,,-1.35,-1.15,0.60,0.30,0.00,0.20,0.05,-0.35,-0.85,-0.80,-0.85,0.09,0.03,-0.21,0.07,-0.22,
02/11/2006,-0.60,-1.20,-0.30,-0.30,0.20,0.55,0.40,,,,,,,,,,,-0.70,1.20,0.00,0.15,-0.05,-0.25,-0.20,0.00,0.10,0.10,0.25,,0.20,0.20,0.50,0.15,-0.05,-0.10,-0.15,-0.15,0.20,0.20,0.05,-0.90,-0.83,-0.02,-0.07,0.08,
07/12/2006,0.00,0.30,0.30,2.25,3.70,3.85,4.00,,,,,,,,,,0.00,1.20,3.40,3.50,3.10,3.55,3.70,3.55,3.30,3.00,2.85,2.50,,2.05,1.90,3.50,3.30,3.30,3.80,3.50,3.95,2.70,2.70,2.65,0.70,0.69,0.04,0.17,0.15,
11/01/2007,0.00,-0.50,-3.05,-3.95,-5.65,-5.75,0.00,,,,,,,,,,31.10,-4.00,-5.70,-5.20,-5.00,-4.75,-4.45,-3.95,-3.50,-3.00,-2.65,-2.60,,-1.70,-1.50,-5.80,-5.35,-3.50,-4.90,-4.95,-4.30,-2.70,-2.65,-2.65,0.64,0.60,-0.37,-0.10,-0.31,
08/02/2007,0.00,-0.55,0.10,1.00,2.10,3.20,3.00,,,,,,,,,,,0.45,1.90,2.95,3.30,3.20,3.60,3.05,2.45,2.25,1.95,1.95,,1.05,0.60,3.55,3.30,0.00,3.30,3.20,3.25,1.85,1.85,2.00,-0.25,-0.25,0.23,0.38,0.19,
08/03/2007,0.00,0.60,0.10,1.30,1.20,0.00,,,,,,,,,,,-0.50,0.45,0.70,-0.20,-0.50,-0.80,-1.00,-1.05,-1.20,-1.15,-1.15,-1.25,,-1.10,-0.90,0.30,-0.50,1.35,-0.90,-1.05,-0.90,-1.25,-1.25,-1.35,0.09,0.04,-0.28,-0.12,-0.02,
12/04/2007,0.00,0.00,-0.50,-0.35,-0.15,-0.10,0.00,,,,,,,,,,-0.60,-0.25,-0.60,-0.10,0.30,0.25,0.45,0.55,0.50,0.70,0.80,0.75,,0.95,0.85,-0.60,-0.20,-0.35,0.45,0.40,0.45,0.70,0.90,0.70,-0.32,-0.39,0.10,0.03,-0.17,
10/05/2007,0.00,0.20,0.40,-0.45,-1.30,-1.85,-1.90,,,,,,,,,,0.00,0.65,1.25,-2.20,-1.85,-2.20,-2.10,-1.85,-1.75,-1.60,-1.45,-1.45,,-1.40,-1.40,-1.25,-1.95,0.00,-2.05,-1.90,-2.10,-1.60,-1.50,-1.45,-0.12,-0.07,-0.20,0.18,-0.10,
06/06/2007,-3.00,0.25,-0.10,-0.65,-1.95,-2.70,-2.50,,,,,,,,,,0.00,0.00,-0.90,-2.45,-2.30,-2.35,-2.25,-2.00,-1.70,-1.45,-1.50,-1.35,,-1.15,-0.95,-2.70,-2.70,0.00,-2.30,-2.20,-2.30,-1.50,-1.35,-1.30,-0.11,-0.13,-0.12,-0.13,-0.08,
05/07/2007,0.50,-0.25,-0.59,0.50,0.75,0.55,0.80,,,,,,,,,,1.10,0.50,1.10,0.15,0.50,1.00,1.10,1.25,1.20,1.20,1.20,1.15,,0.35,0.20,0.55,0.40,0.50,1.10,1.20,1.25,1.20,1.40,1.25,-0.12,-0.21,-0.26,-0.01,-0.04,
02/08/2007,0.25,-0.35,-0.20,-0.20,-0.30,-0.55,,,,,,,,,,,-0.05,0.10,-0.65,-1.10,-1.00,-0.85,-0.85,-0.70,-0.85,-0.70,-0.70,-0.80,,-0.70,-0.60,-1.40,-1.10,-0.95,-1.00,-0.90,-0.75,-0.75,-0.55,-0.65,-0.05,-0.07,-0.02,-0.01,0.06,
06/09/2007,-5.00,-3.40,-2.75,-2.55,-3.15,-2.20,-2.00,,,,,,,,,,-3.10,-2.60,-3.45,-2.20,-1.55,-1.15,-1.20,-0.60,-0.20,-0.15,0.05,0.30,,0.45,0.25,-1.30,-1.95,-1.90,-1.15,-0.50,-0.30,0.50,0.50,0.15,0.53,0.46,0.09,0.07,0.30,
04/10/2007,-0.10,-0.64,0.00,0.50,-0.65,-1.30,-1.90,,,,,,,,,,0.50,0.25,0.00,-2.30,-2.60,-2.80,-2.50,-2.55,-2.10,-2.10,-2.05,-2.00,,-1.85,-1.55,-1.25,-2.05,-2.30,-2.60,-2.40,-2.10,-2.05,-2.10,-1.80,-0.08,-0.02,-0.17,-0.22,-0.28,
08/11/2007,0.00,-0.25,-1.40,-1.90,-2.75,-3.70,-3.30,,,,,,,,,,-0.85,-1.90,-2.70,-2.65,-2.15,-2.85,-2.90,-2.75,-2.75,-2.65,-2.75,-2.45,,-2.65,-2.80,-3.35,-2.65,-3.65,-3.00,-3.10,-2.45,-2.70,-2.70,-2.65,-0.35,0.78,0.05,0.04,-0.46,
06/12/2007,-0.50,-0.40,0.10,2.20,4.80,5.30,5.70,,,,,,,,,,-0.05,1.90,4.25,6.90,6.60,5.45,5.15,5.30,4.25,3.70,3.55,3.35,,2.70,2.65,7.05,6.80,7.55,5.05,5.30,5.50,3.40,3.30,2.50,-0.38,-0.70,0.58,0.22,0.49,
10/01/2008,-3.10,0.10,0.05,-0.50,-0.20,-3.00,-3.20,,,,,,,,,,0.00,-0.40,-0.35,-3.00,-3.00,-2.65,-2.55,-2.20,-2.00,-1.50,-1.60,-1.65,,-1.60,-1.30,-1.90,-2.85,-2.00,-2.55,-2.70,-2.90,-1.50,-2.65,-2.05,-0.30,-0.53,0.47,0.58,-0.01,
07/02/2008,3.25,-1.00,-2.40,-5.00,-7.40,-6.40,-5.40,,,,,,,,,,0.00,,-7.30,-7.05,-5.75,-4.85,-4.40,-3.25,-2.30,-1.35,-0.45,-0.45,,0.10,0.05,-7.00,-6.60,-6.80,-3.80,-4.40,-4.15,-0.45,-0.30,0.05,-0.61,-0.29,-0.51,-0.46,-0.49,
06/03/2008,1.35,0.35,1.00,3.20,5.00,2.45,1.40,,,,,,,,,,1.55,3.35,4.70,1.75,1.20,0.55,0.20,-0.30,-0.45,-0.90,-0.95,-1.10,,-1.85,-2.00,1.65,1.50,0.90,0.00,0.55,-0.35,-0.10,-0.65,-0.90,-0.56,-1.13,0.15,-0.10,-0.15,
10/04/2008,0.50,0.20,0.25,0.10,-0.35,-2.15,0.65,,,,,,,,,,0.25,0.30,0.60,-0.35,-0.05,-0.05,0.20,0.30,0.55,0.75,1.05,0.70,,0.20,0.55,-0.25,-0.20,-0.10,0.10,0.20,-0.45,0.60,0.35,0.50,0.05,-0.08,-0.34,-0.43,0.14,
08/05/2008,-0.50,-0.70,-0.50,-0.90,-1.45,-2.70,-3.15,,,,,,,,,,0.15,,-1.25,-2.35,-3.15,-3.45,-3.55,-3.45,-3.20,-3.50,-3.25,-3.40,,-3.25,-2.55,-2.25,-1.60,-2.45,-3.30,-3.65,-3.85,-3.05,-3.50,-1.85,-0.43,-0.39,0.43,0.32,-0.07,
05/06/2008,1.20,-0.10,10.25,15.00,20.30,18.70,3.50,,,,,,,,,,8.75,15.70,18.95,22.55,20.80,17.65,15.30,12.75,10.80,8.70,7.05,6.95,,3.15,3.20,20.75,20.70,20.55,16.35,14.75,15.90,6.70,6.85,6.25,-0.43,-0.20,0.88,0.61,0.74,
03/07/2008,-0.70,-1.60,-2.95,-7.45,-16.10,-22.80,-22.80,,,,,,,,,,-2.35,-5.95,-15.50,-26.50,-24.15,-21.40,-19.75,-16.10,-12.90,-9.90,-6.95,-6.95,,-2.25,-0.70,-25.15,-25.70,-25.05,-19.30,-18.70,-20.05,-6.65,-6.05,-5.90,1.35,1.91,-0.81,-0.49,-0.51,
07/08/2008,0.40,0.30,-1.40,-3.60,-9.20,-14.50,-12.50,,,,,,,,,,-1.20,-3.25,-4.95,-15.15,-14.45,-13.50,-13.05,-11.05,-9.35,-8.00,-6.35,-5.80,,-2.35,-1.85,-12.60,-15.00,-15.10,-13.00,-12.70,-12.50,-5.70,-5.95,-5.40,-0.64,-1.21,-0.51,-0.17,-0.58,
04/09/2008,0.00,-0.30,-0.80,-0.50,-0.45,-0.20,0.60,,,,,,,,,,-0.80,-1.35,-0.70,-0.55,-0.55,0.00,-0.15,0.00,0.10,0.75,1.15,1.40,,0.80,0.25,-1.10,-1.00,1.00,0.30,0.05,0.00,1.20,1.50,1.55,-0.76,-0.82,0.14,-0.01,-0.19,
02/10/2008,2.00,-0.10,-3.80,-5.80,-8.30,-7.20,-5.00,,,,,,,,,,39.35,-4.95,-7.15,-7.80,-6.40,-5.55,-5.10,-4.40,-3.85,-3.35,-3.15,-2.95,,-2.55,-3.25,-4.00,-6.20,-8.35,-2.50,-3.95,-4.50,-3.15,-3.05,-3.05,-0.81,-0.39,-0.43,-0.31,-0.40,
08/10/2008,-20.00,-20.10,-8.55,-3.20,-0.20,1.90,3.50,,,,,,,,,,-11.25,,-0.55,3.80,4.55,4.10,4.25,5.35,5.40,5.65,5.00,5.50,,10.95,12.50,0.60,3.60,2.85,3.50,4.35,4.35,6.65,5.45,5.20,1.83,1.97,0.55,0.15,1.01,
06/11/2008,4.70,14.20,16.15,16.60,13.60,12.80,11.60,,,,,,,,,,14.40,,15.00,14.35,12.75,10.80,8.75,7.80,6.70,5.20,4.85,4.80,,2.90,5.45,12.70,15.90,15.05,10.20,8.25,9.45,5.80,2.30,4.95,-1.30,-1.34,-0.14,0.36,-0.13,
04/12/2008,0.00,2.95,2.30,5.50,4.70,4.30,,,,,,,,,,,2.05,3.35,5.85,-2.30,-2.10,-1.85,-1.25,-0.05,0.45,0.90,0.40,0.15,,3.50,5.30,0.65,-2.20,1.80,-4.30,-3.45,-0.25,1.65,0.25,-5.20,-1.48,-1.95,0.38,-0.12,0.33,
15/01/2009,-0.80,-3.50,-1.90,-1.00,-1.10,-0.60,0.10,,,,,,,,,,-0.80,-1.15,-0.35,-1.05,-1.15,-1.35,-1.95,-1.70,-2.35,-2.70,-2.90,-2.75,,-5.30,-6.45,-0.50,-1.80,-0.55,-1.25,-1.30,-0.65,-2.35,-4.45,1.40,-0.57,-1.09,-0.45,0.09,-0.29,
05/02/2009,-2.00,-1.15,-4.50,-5.50,-6.40,-7.10,-1.90,,,,,,,,,,-2.05,-6.55,-5.45,-8.30,-9.10,-8.65,-8.90,-8.25,-7.10,-6.45,-5.30,-4.45,,-1.55,-1.50,-2.10,-6.50,-4.20,-6.30,-7.45,-7.40,-3.70,-4.35,-1.40,-0.46,-0.77,-0.50,-0.60,-0.45,
05/03/2009,4.30,1.65,0.20,0.50,-1.30,-0.80,-0.85,,,,,,,,,,1.20,0.20,-1.15,1.60,1.45,2.20,1.20,3.45,0.60,0.30,-0.70,0.10,,-1.80,-2.20,1.30,1.70,1.15,3.65,2.00,2.15,0.15,-0.90,-1.20,0.23,-1.00,-0.20,-0.58,-0.54,
02/04/2009,5.30,7.40,6.15,6.20,5.35,6.60,5.63,,,,,,,,,,4.35,5.15,5.20,9.05,9.15,8.35,7.80,7.55,6.90,6.35,5.60,5.20,,3.50,2.75,5.70,10.00,8.80,7.60,4.30,6.60,4.00,3.85,5.20,-0.05,0.71,0.64,0.59,0.37,
07/05/2009,1.15,-1.00,-1.50,-2.10,-2.90,-1.40,-0.07,,,,,,,,,,-1.85,-3.55,-3.70,2.15,3.35,3.20,3.55,4.05,4.75,5.05,5.25,5.40,,5.05,4.95,-0.85,2.80,1.75,3.35,3.75,2.70,5.55,5.90,1.80,-0.29,-0.31,1.11,1.11,0.81,
04/06/2009,-0.40,0.20,2.20,3.85,6.10,8.90,6.10,,,,,,,,,,0.00,3.80,5.95,7.35,8.40,7.60,7.20,6.55,6.25,5.95,5.35,5.15,,3.00,2.95,7.90,7.15,8.70,2.35,6.90,7.70,5.75,5.85,2.45,0.01,0.03,-0.08,1.00,-0.23,
02/07/2009,-5.15,-2.85,-5.45,-5.90,-6.05,-6.20,-6.52,,,,,,,,,,,,-5.90,-4.20,-3.90,-4.15,-4.40,-4.10,-4.25,-4.00,-4.00,-3.80,,-3.10,-3.05,-5.15,-3.95,-5.45,-3.55,-4.00,-4.00,-4.25,-3.65,-1.90,-1.67,-1.75,-0.28,-0.02,-0.93,
06/08/2009,-2.45,-1.10,-0.10,0.50,1.40,4.46,5.90,,,,,,,,,,0.00,0.70,1.40,4.30,5.10,5.65,6.10,5.70,5.40,5.20,4.90,4.85,,4.70,4.20,3.70,2.85,3.25,6.50,6.20,5.75,4.30,4.60,4.50,-0.10,0.56,0.02,-0.08,0.13,
03/09/2009,3.00,-1.45,-2.20,-4.10,-5.95,-5.40,-4.17,,,,,,,,,,-1.50,-4.20,,-5.15,-3.85,-3.30,-2.50,-1.55,-1.05,-0.30,0.35,0.30,,2.40,2.90,-6.00,-4.90,-6.10,-2.25,-0.40,-1.80,3.70,1.65,1.95,-0.22,0.05,-0.27,-0.06,-0.09,
08/10/2009,1.10,-1.00,-1.05,-2.15,-3.30,-4.72,-4.15,,,,,,,,,,0.00,-1.60,-3.05,-3.30,-3.50,-3.20,-3.00,-2.85,-2.25,-1.95,-1.95,-1.95,,-1.30,-1.30,-3.85,-3.40,-3.65,-3.75,-2.80,-3.25,-1.90,-1.70,-1.85,-0.17,-0.16,-0.11,-0.14,0.03,
05/11/2009,0.00,-1.00,-1.00,-1.80,-0.80,-0.26,-0.70,,,,,,,,,,-0.50,-1.85,-0.80,-0.55,-0.80,-0.85,-0.75,-0.90,-0.50,-0.75,-0.70,-0.95,,-1.35,-1.45,-0.55,-0.25,-0.30,-2.40,-1.30,-1.30,-0.90,-1.65,-1.85,0.81,0.86,0.12,0.42,0.24,
03/12/2009,-0.90,-3.20,-2.80,-3.50,-2.50,0.18,1.64,,,,,,,,,,-3.00,-3.95,-3.10,0.05,1.20,1.15,2.05,1.75,1.90,1.50,1.60,1.40,,1.35,0.95,0.50,1.10,0.85,2.65,0.45,0.90,1.90,1.75,1.00,0.31,0.20,-0.20,-0.09,0.30,
14/01/2010,-0.15,0.10,-0.50,-1.10,-2.30,-2.80,-2.56,,,,,,,,,,0.00,0.05,,-3.20,-2.30,-2.25,-1.90,-1.95,-1.70,-1.40,-1.30,-1.30,,-1.05,-0.95,-2.40,,-2.70,0.25,0.05,,0.20,-1.05,-0.05,-0.18,-0.11,-0.04,-0.28,-0.59,
04/02/2010,-3.15,-0.05,0.00,-0.50,-1.15,-2.40,-2.23,,,,,,,,,,,-0.70,-1.45,-0.45,-2.80,-2.55,-2.35,-2.25,-2.10,-2.00,-1.80,-1.90,,-1.15,-1.25,-2.95,-2.40,-1.85,0.10,1.40,-1.60,0.75,-1.40,-1.20,-0.96,-1.62,-0.22,0.02,-0.50,
04/03/2010,0.15,-0.35,-0.45,-2.05,-0.95,0.08,-0.72,,,,,,,,,,0.00,-1.40,-0.90,0.55,0.00,0.25,0.00,0.20,-0.20,0.00,0.10,0.30,,-0.25,-0.45,-0.25,0.10,0.75,-0.35,0.00,0.40,0.60,0.70,0.05,0.31,0.62,-0.29,-0.28,0.64,
08/04/2010,1.00,-0.30,0.00,0.90,0.80,-1.08,-0.79,,,,,,,,,,0.00,0.35,0.10,-0.10,-0.10,0.15,0.15,0.10,-0.10,-0.50,-0.55,-0.50,,-0.55,-1.05,-6.45,-0.60,-1.75,-1.90,-2.55,0.00,-2.30,-1.25,-1.20,-0.10,-0.08,0.09,0.27,0.18,
06/05/2010,0.10,0.20,0.50,1.15,0.60,-1.00,-1.61,,,,,,,,,,0.00,0.90,1.15,-1.70,-2.50,-2.50,-2.55,-2.50,-2.30,-2.40,-2.25,-2.35,,-1.75,-1.40,4.90,-2.00,6.30,6.15,1.05,-1.80,2.75,1.40,2.90,-0.69,-1.86,-0.21,-0.01,-0.31,
10/06/2010,0.10,0.20,-0.60,-0.80,0.40,1.95,3.58,,,,,,,,,,-0.60,-0.70,0.40,2.55,3.00,3.45,4.95,4.75,5.05,4.90,4.95,4.90,,4.75,4.70,0.65,1.15,4.50,0.10,4.90,4.40,4.05,4.50,2.10,0.69,0.89,0.70,0.36,0.81,
08/07/2010,1.10,1.80,2.60,4.65,5.60,4.70,3.75,,,,,,,,,,2.80,4.20,4.95,3.35,4.60,5.20,5.15,5.20,5.05,5.10,5.10,5.05,,3.25,3.50,-6.45,3.70,-7.50,-1.50,-4.75,5.05,0.10,4.35,0.55,0.58,0.92,0.34,0.23,0.71,
05/08/2010,1.20,-0.30,-0.40,-0.85,-1.70,-2.21,-1.92,,,,,,,,,,0.00,-0.30,-1.55,-2.65,-3.15,-3.60,-4.10,-3.70,-3.40,-3.30,-2.95,-2.90,,-2.85,-2.60,-1.45,-2.85,-0.55,-3.25,-1.10,-3.60,-0.20,-3.15,-1.00,-0.60,-1.06,-0.24,-0.04,-0.47,
02/09/2010,4.65,-0.90,-1.10,-1.10,-0.90,-0.90,-0.24,,,,,,,,,,-0.45,-0.15,-0.90,-2.00,-0.60,-0.30,0.00,-0.25,-0.15,-0.55,-0.60,0.65,,1.25,0.70,0.20,-1.55,-1.35,0.40,0.25,0.60,-1.55,0.50,-0.70,-0.12,-0.29,-0.12,0.13,0.03,
07/10/2010,0.05,0.50,0.20,-0.40,-0.80,-0.79,-0.57,,,,,,,,,,0.30,-0.20,-0.75,0.00,0.20,0.00,-0.10,0.00,0.35,0.00,0.15,0.30,,-0.25,-0.40,0.85,-0.30,-0.25,2.20,1.75,0.05,1.55,1.20,1.45,0.07,-0.02,-0.17,0.33,-0.24,
04/11/2010,-0.10,0.00,-0.65,-0.70,-1.20,-1.73,-1.62,,,,,,,,,,-0.60,-0.60,-1.05,-1.80,-2.20,-2.60,-2.85,-2.80,-2.35,-2.50,-2.35,-2.30,,-2.30,-2.60,-1.15,-2.60,-0.05,-1.65,-1.55,-2.35,-0.60,-1.00,-1.60,-0.12,-0.41,0.05,-0.17,-0.12,
02/12/2010,-1.50,-0.60,-2.80,-2.80,-2.00,-1.48,-1.64,,,,,,,,,,-2.45,-2.30,-2.50,-1.50,-0.80,-0.45,-0.10,0.60,0.95,1.45,1.65,1.55,1.30,1.65,1.60,-3.70,-0.75,-4.75,-3.00,-4.70,0.00,-3.60,0.80,-2.25,-0.29,-0.23,-0.17,0.06,-0.23,
13/01/2011,0.70,0.65,1.50,3.30,6.10,8.20,9.74,,,,,,,,,,1.25,3.40,5.60,9.85,9.55,8.95,8.40,7.15,5.90,4.85,3.95,3.95,2.50,2.05,1.25,7.35,7.70,0.65,3.40,-0.50,8.45,-2.25,3.30,0.00,-0.02,0.09,1.02,0.69,0.82,
03/02/2011,-1.90,-0.85,-4.10,-3.40,-3.10,-3.00,-4.96,,,,,,,,,,-2.55,-3.05,-4.70,-6.10,-5.50,-5.05,-4.95,-3.80,-2.65,-1.75,-0.65,-0.65,1.15,0.65,1.35,-2.80,-5.40,-4.25,-2.55,-3.20,-5.45,-1.15,-0.35,1.50,0.16,-0.19,-0.77,-0.54,-0.60,
03/03/2011,0.10,1.05,9.80,12.90,16.30,15.18,13.61,,,,,,,,,,8.80,12.45,10.10,14.95,14.60,12.85,11.30,10.30,8.65,8.25,6.50,6.75,4.00,3.90,3.90,8.65,16.15,11.85,6.05,7.45,4.00,4.95,4.90,3.60,-0.16,-0.51,0.63,0.55,1.26,
07/04/2011,1.75,1.50,1.60,1.30,0.50,-2.45,-2.91,,,,,,,,,,1.80,2.70,0.10,-2.40,-2.10,-2.35,-2.40,-2.60,-2.35,-2.50,-2.55,-2.65,-1.30,-1.60,-1.75,0.20,-0.70,-0.50,-1.15,-2.05,-2.45,-2.50,-2.20,-2.15,0.34,0.39,-0.09,-0.15,-0.03,
05/05/2011,-2.30,-2.25,-7.20,-10.20,-12.50,-13.25,-12.48,,,,,,,,,,-7.25,-8.75,-11.60,-15.15,-13.40,-12.75,-12.20,-10.35,-8.85,-7.65,-7.30,-7.45,-6.05,-5.95,-5.35,-6.85,-14.00,-7.50,-5.35,-4.75,-12.20,-4.50,-7.20,-4.50,0.23,0.05,-0.97,-0.76,-0.87,
09/06/2011,-1.70,-0.30,-0.20,-1.70,-3.65,-6.30,-6.86,,,,,,,,,,1.25,-1.05,-3.80,-5.60,-6.05,-6.30,-6.85,-6.10,-5.25,-4.55,-3.85,-3.75,-2.70,-2.25,-2.55,-1.90,-6.10,-0.05,-0.80,-0.65,-6.80,-0.10,-3.55,0.20,0.21,0.03,-0.76,-0.41,-0.71,
07/07/2011,3.60,1.00,0.85,1.10,1.40,2.55,2.99,3.40,,,4.00,,,3.90,,,0.80,-2.55,1.30,3.45,3.55,3.80,4.20,4.00,3.80,3.70,3.40,3.45,3.40,3.55,3.60,-1.65,2.10,-2.75,-0.85,-3.75,3.35,-4.35,7.80,-3.20,0.65,1.06,0.11,0.12,0.45,
04/08/2011,-4.50,-7.40,-11.20,-14.00,-17.60,-17.17,-16.62,-13.70,-12.00,-9.50,-7.70,-6.00,-4.60,-3.40,,,-9.15,-12.80,-13.40,-14.00,-12.50,-11.10,-10.30,-8.85,-7.55,-5.85,-4.25,-3.90,-3.40,-3.40,-3.00,1.30,-15.00,-3.80,2.80,0.90,-10.90,2.95,-3.10,4.50,-1.20,-1.05,-0.55,-0.59,-1.36,
08/09/2011,-0.50,3.40,0.70,-1.10,-2.90,-4.00,-3.36,-4.10,-3.50,-2.70,-2.00,-1.50,-0.90,-0.20,,,2.60,-0.25,-0.15,-4.10,-3.90,-3.45,-3.45,-2.85,-2.45,-1.40,-0.90,-0.80,-0.80,-1.20,-0.60,5.40,-4.30,1.10,6.20,3.95,-1.70,3.70,-0.50,4.10,-0.35,-1.27,-0.26,-0.31,-0.18,
06/10/2011,10.10,12.70,11.00,11.50,12.05,12.40,10.40,7.30,5.20,3.90,2.80,1.70,0.80,0.20,,,12.10,10.60,12.25,11.25,8.85,6.40,4.55,4.10,2.95,1.80,0.85,0.95,1.40,1.20,0.85,0.15,11.25,-0.20,-0.90,-0.85,7.10,0.25,3.00,-1.10,-0.87,-2.20,0.21,0.11,0.23,
03/11/2011,-10.20,-13.75,-11.00,-8.05,-6.60,-5.00,-5.00,-4.40,-4.50,-4.20,-1.40,-2.40,-2.40,-1.60,,,-12.80,-8.40,-7.15,-4.75,-3.20,-2.00,-0.60,0.10,1.00,1.75,2.20,2.20,1.55,3.90,4.40,-3.45,-10.60,-12.20,-7.95,-4.45,-8.25,-1.45,-2.10,-4.90,0.17,-0.44,-0.32,-0.32,-0.36,
08/12/2011,1.60,1.90,-1.70,-1.30,-0.35,0.40,0.20,0.70,-0.30,-0.10,0.00,0.00,0.10,0.20,,,9.90,-4.70,-0.50,1.50,1.20,0.75,0.55,0.10,-0.20,-0.65,-0.95,-1.10,-1.30,-0.80,-1.00,11.30,-3.30,13.35,28.20,15.95,5.70,20.55,5.00,14.40,-1.14,-1.60,-0.39,-0.16,-0.28,
12/01/2012,-0.90,-0.30,-0.05,-0.30,0.05,-1.90,-2.50,-3.07,-3.13,-3.77,-4.27,-4.36,-4.63,-4.71,,,0.00,-0.10,0.00,-0.10,-0.90,-1.25,-1.85,-2.00,-2.30,-2.35,-2.60,-2.45,-2.50,-2.55,-1.95,9.75,-2.40,1.75,10.20,0.50,-5.05,0.35,-4.75,4.65,-0.86,-1.85,0.20,0.31,0.02,
09/02/2012,-1.20,0.25,0.15,-0.25,0.20,1.00,1.20,1.33,1.10,1.20,1.06,1.29,1.50,1.60,,,0.00,2.70,0.25,1.55,2.25,2.90,3.30,3.45,3.60,3.80,3.85,3.80,4.50,4.30,4.20,-6.50,1.70,-4.50,-8.25,-5.75,-0.60,-7.85,-1.70,-10.20,0.46,0.78,0.37,0.50,0.51,
08/03/2012,-0.40,-0.10,0.00,-0.10,-0.30,-0.15,0.10,-0.09,-0.50,-0.62,-0.70,-0.77,-0.85,-0.86,,,-5.20,-0.10,1.60,0.55,-0.50,-0.65,-0.80,-0.90,-0.80,-1.15,-1.15,-1.05,-0.70,-1.05,-0.95,6.65,-1.20,3.90,3.25,3.50,-0.70,3.90,-1.10,1.10,-0.24,-0.39,-0.13,-0.04,-0.23,
04/04/2012,0.00,-0.20,-0.30,0.20,0.70,0.60,0.20,0.29,0.17,0.23,0.26,0.28,0.28,0.26,,,5.00,0.50,0.60,0.00,0.05,0.20,0.50,0.55,0.85,1.10,1.30,1.50,1.60,1.90,2.10,-3.25,-0.05,-4.35,-4.30,-6.05,0.45,-5.10,0.50,-4.60,-0.20,-0.30,-0.11,-0.08,-0.04,
03/05/2012,0.90,0.70,1.30,1.20,1.35,1.70,1.70,1.81,2.06,1.66,1.21,1.07,0.77,0.73,,,1.15,1.00,1.40,0.75,1.35,1.95,2.35,2.00,1.65,1.30,1.10,1.10,1.30,1.50,1.40,5.80,-0.05,1.55,4.95,2.95,2.00,2.50,2.00,3.90,-1.06,-3.09,0.26,0.26,0.45,
06/06/2012,0.10,1.90,1.20,2.20,3.20,3.70,4.30,3.55,0.50,2.66,2.07,1.88,1.86,1.39,,,1.30,2.00,3.20,2.85,2.80,2.70,2.00,1.80,1.60,1.35,1.10,1.00,1.80,1.75,2.20,7.60,-1.45,6.05,4.60,1.85,-1.95,-0.10,-1.60,4.65,-0.62,-1.47,-0.18,0.03,-0.39,
05/07/2012,-7.70,-9.80,-8.70,-8.10,-7.50,-6.70,-6.40,-5.86,-5.38,-4.57,-3.81,-3.70,-2.90,-2.32,,,0.00,6.15,-4.30,-4.85,-5.20,-5.40,-5.55,-4.90,-4.15,-3.20,-2.35,-2.10,-0.95,-0.85,0.20,4.00,-8.20,-0.35,7.45,0.75,-8.50,4.25,-3.30,7.20,-1.56,-3.69,-1.02,-0.64,-0.53,
02/08/2012,1.40,2.50,2.05,2.10,2.50,1.60,1.00,0.04,-0.80,-1.35,-2.15,-2.56,-3.12,-3.50,,,5.20,3.45,2.05,1.30,0.65,-0.30,-1.00,-2.10,-2.90,-3.80,-4.65,-4.70,-4.30,-4.35,-4.90,19.15,1.00,12.50,29.35,19.85,1.70,29.30,2.30,35.50,-2.77,-6.81,-0.45,-0.36,-0.42,
06/09/2012,0.50,0.70,0.40,0.00,0.00,0.30,1.10,2.10,0.80,2.74,2.30,2.75,2.89,2.89,,,0.40,-0.35,0.50,0.90,1.65,2.60,3.25,3.10,3.55,3.55,3.65,3.30,3.00,3.10,2.50,-23.45,1.15,-18.90,-17.30,-21.25,1.70,-16.00,3.05,-11.00,1.15,2.78,-0.37,-0.25,0.24,
04/10/2012,0.40,0.30,0.30,0.50,0.25,0.15,-0.10,-0.10,0.29,0.39,0.40,0.47,0.40,0.58,,,-2.45,0.00,0.50,0.50,0.40,0.40,0.60,0.45,0.70,0.85,0.95,1.00,1.30,1.10,1.20,-2.95,0.40,-2.30,-2.25,-2.20,1.15,-3.65,1.00,-1.65,-0.10,0.37,0.26,0.08,0.27,
08/11/2012,0.30,0.60,0.90,1.10,1.25,1.10,1.10,-0.03,-0.29,-0.40,-0.45,-0.46,-0.42,-0.41,,,0.30,0.25,0.55,1.10,0.95,0.80,0.60,0.20,0.00,-0.25,-0.35,-0.35,-0.25,-0.20,-0.20,-2.20,-1.05,-3.90,-1.80,-3.60,-0.10,-1.00,-0.55,-1.25,-0.04,0.37,0.08,0.09,0.13,
06/12/2012,0.00,0.10,-0.60,-0.70,-1.55,-2.80,-2.90,-2.30,-2.80,-2.50,-2.40,-2.10,-1.80,-2.00,,,0.00,-0.90,-2.40,-2.65,-2.85,-2.40,-2.40,-2.10,-1.75,-1.25,-0.95,-0.90,-0.55,0.30,0.10,-9.05,-1.10,-5.20,-4.40,-4.00,-1.90,-3.30,-1.15,-2.10,-0.02,-0.10,-0.42,-0.37,-0.33,
10/01/2013,0.20,0.30,0.70,1.40,2.35,2.95,3.70,4.06,4.54,4.40,4.11,3.92,3.79,3.79,,,0.45,1.40,1.60,3.60,4.20,5.50,5.95,6.20,5.40,4.80,4.55,4.55,4.10,4.15,3.90,-5.80,1.55,-4.15,-7.55,-4.40,3.95,-4.70,3.40,-2.95,0.33,0.52,0.67,0.41,0.59,
07/02/2013,0.20,0.00,-1.20,-1.30,-2.60,-4.55,-6.20,-6.63,-6.86,-6.35,-5.60,-5.13,-5.00,-4.58,,,0.00,-1.30,-2.90,-5.45,-6.65,-7.30,-7.10,-6.30,-5.65,-5.05,-4.15,-3.85,-2.80,-1.70,-1.40,-0.80,-5.70,-2.30,-1.05,-0.25,-7.75,1.40,-3.30,0.55,-0.05,-0.33,-0.89,-0.87,-1.18,
07/03/2013,0.00,0.00,0.50,1.40,2.30,4.05,4.50,5.64,6.04,5.50,5.30,4.81,4.70,4.22,,,0.50,0.30,2.90,4.35,5.30,6.30,6.70,6.65,6.10,5.40,5.05,4.95,4.70,4.40,4.15,1.80,3.20,-2.40,-0.70,-2.35,4.70,-2.05,4.00,-1.35,-0.06,-0.03,0.64,0.66,0.86,
04/04/2013,0.10,0.00,0.00,-0.20,-0.60,-1.20,-1.80,-1.88,-1.75,-1.71,-1.50,-1.59,-1.30,-1.42,,,0.00,-0.30,-0.80,-1.40,-1.35,-1.60,-1.70,-1.55,-1.50,-1.35,-1.15,-1.20,-1.35,-0.80,-1.10,1.75,-0.85,2.00,2.25,2.45,-2.50,2.60,-2.60,2.50,-0.83,-2.05,0.34,-0.11,0.50,
02/05/2013,0.00,-0.30,-0.30,-1.00,-1.90,-2.85,-3.90,-3.73,-4.06,-3.91,-4.00,-3.76,-3.60,-3.51,,,-0.55,-0.45,-1.70,-2.20,-2.95,-3.80,-4.20,-3.85,-3.85,-3.85,-3.80,-3.90,-3.60,-3.20,-2.95,-0.75,-2.05,3.60,-1.00,2.50,-5.30,1.75,-3.40,-1.75,0.00,-0.62,-0.55,-0.41,-0.11,
06/06/2013,0.20,0.50,0.50,1.60,2.95,4.70,6.70,6.78,6.78,6.45,6.20,6.13,5.80,5.84,,,-1.10,0.15,1.20,6.00,6.30,6.50,6.50,6.25,5.95,5.70,5.20,5.35,4.50,4.25,3.90,12.80,5.10,6.90,12.00,8.50,6.15,10.05,6.25,10.10,-0.74,-1.45,0.28,0.17,0.41,
04/07/2013,-0.20,-0.50,-1.00,-1.50,-2.90,-4.50,-5.50,-7.07,-6.90,-6.46,-5.60,-5.44,-4.00,-4.00,,,-1.00,-0.20,-4.00,-5.25,-5.85,-6.50,-6.85,-6.05,-5.25,-4.65,-3.85,-4.00,-2.00,-0.80,0.35,-24.80,-5.45,-15.50,-22.15,-15.50,-10.00,-13.60,-7.55,-15.50,1.61,3.02,-0.70,-0.65,-0.43,
01/08/2013,0.00,0.00,0.10,0.70,2.10,3.40,4.50,4.96,5.54,5.10,4.80,4.66,4.40,4.37,,,0.00,1.10,1.70,4.40,5.25,5.95,6.50,6.35,5.90,5.50,4.90,4.95,4.55,3.90,3.35,-0.45,2.95,1.00,0.60,0.80,5.75,0.45,4.35,0.80,0.22,0.59,0.18,0.38,0.45,
05/09/2013,0.00,-0.30,-0.10,-0.50,-0.70,-0.45,0.00,0.15,0.60,0.60,0.70,0.80,1.00,1.00,0.60,,-0.30,-0.30,0.10,-0.50,-0.25,0.00,0.05,0.45,0.70,1.00,1.15,1.20,0.70,0.05,-0.20,4.35,-1.00,4.80,6.00,5.75,-0.15,7.10,1.05,6.20,0.12,-0.18,-0.32,-0.13,-0.39,
02/10/2013,0.00,0.10,0.00,0.10,0.00,0.20,0.50,0.59,0.81,1.11,0.98,1.07,1.35,1.48,2.10,2.20,0.10,0.60,0.95,0.75,0.60,1.25,1.50,1.55,1.80,1.80,2.05,2.15,2.55,2.55,2.45,-1.30,0.10,-0.35,-1.50,-0.40,1.40,-0.40,1.90,-2.25,-0.20,-0.14,0.55,0.32,0.39,
07/11/2013,-0.35,-0.30,-0.40,-1.00,-2.20,-4.40,-6.40,-7.77,-8.09,-7.71,-7.00,-6.63,-6.00,-5.50,-4.70,-0.90,-1.05,-0.60,-2.30,-4.55,-5.95,-7.05,-7.70,-6.75,-6.05,-5.20,-4.95,-4.80,-4.10,-3.45,-2.70,-13.00,-5.30,-9.15,-15.20,-12.40,-10.30,-10.95,-6.95,-11.90,0.92,1.12,-1.02,-0.82,-0.49,
05/12/2013,0.60,0.80,0.95,1.00,1.45,2.20,2.60,3.54,3.65,3.69,3.57,3.23,3.06,2.87,2.50,2.20,0.80,1.40,2.30,3.50,4.10,4.80,5.40,5.10,4.70,4.25,3.75,3.80,3.15,2.50,2.10,8.70,2.05,6.00,9.20,7.05,3.95,6.10,2.25,7.05,-0.35,-0.79,0.27,0.37,0.26,
09/01/2014,0.40,-0.30,-0.65,-0.50,-0.90,-1.20,-1.60,-1.50,-1.60,-1.60,-1.30,-1.26,-1.16,-0.92,-0.80,-0.50,0.00,0.30,-0.90,-1.10,-1.40,-1.30,-1.35,-1.20,-1.00,-1.00,-0.80,-0.80,-0.65,-0.50,-0.30,-1.70,-1.10,-1.25,-2.50,-0.05,-2.00,1.20,-0.95,-1.25,-0.35,-0.54,-0.23,-0.30,-0.33,
06/02/2014,1.10,2.60,3.00,3.30,3.20,4.00,4.30,4.32,4.70,4.40,4.00,3.60,3.50,3.29,2.80,2.60,0.00,3.00,3.50,4.15,4.60,5.25,5.60,5.30,4.75,4.40,4.05,4.00,3.10,2.45,2.20,3.75,3.45,2.05,3.90,2.60,4.50,2.50,2.95,3.15,0.02,-0.21,0.67,0.57,0.92,
06/03/2014,3.20,3.90,3.35,2.75,2.70,2.65,3.00,2.91,2.75,2.81,2.97,2.50,2.43,2.41,2.10,1.60,3.35,2.30,2.40,2.90,2.55,2.50,2.40,2.35,2.45,2.35,2.40,2.40,2.20,1.85,1.70,0.50,2.25,0.65,1.00,0.70,2.25,0.75,2.00,1.00,-0.32,-0.26,0.61,0.61,1.00,
03/04/2014,1.40,2.30,1.70,1.50,1.35,0.90,0.60,-0.10,-0.27,-0.33,-0.30,-0.20,-0.25,-0.21,0.10,0.40,1.80,1.00,1.00,0.70,0.25,-0.15,-0.45,-0.25,-0.25,-0.25,-0.25,-0.05,0.05,0.25,0.50,-3.95,0.65,-2.95,-4.45,-3.95,-1.60,-3.95,-1.80,-3.85,0.79,1.48,-0.22,-0.21,-0.11,
08/05/2014,2.00,3.50,0.40,-0.70,-2.10,-3.50,-5.00,-4.80,-4.50,-4.10,-4.02,-3.71,-3.40,-3.24,-2.30,-1.70,6.30,-2.40,-2.70,-3.50,-3.50,-3.65,-3.70,-3.45,-3.10,-2.75,-2.70,-2.80,-1.80,-1.80,-1.30,-3.70,-3.20,-3.60,-6.75,-5.85,-5.15,-6.15,-4.00,-5.70,0.24,0.92,-0.40,-0.37,-0.41,
05/06/2014,-5.20,-4.00,-2.50,-0.85,0.50,1.50,0.80,0.01,0.11,0.96,1.45,1.67,2.02,2.51,3.20,3.40,0.00,-0.90,1.00,0.40,0.85,1.25,1.60,2.20,2.70,3.35,3.85,3.85,4.15,4.25,4.30,-7.25,0.20,-7.25,-9.10,-8.30,0.35,-5.30,2.90,-5.70,0.76,1.08,-0.26,-0.34,-0.16,
03/07/2014,-0.40,-0.20,-0.45,-0.30,-0.55,-0.65,-0.60,-0.70,-0.50,-0.33,0.00,0.10,0.24,0.34,0.50,0.60,-0.35,-0.05,0.00,-0.45,-0.40,-0.45,-0.30,-0.20,-0.10,0.30,0.60,0.40,0.45,0.80,1.15,-3.65,-0.45,-2.90,-4.90,-5.10,-0.60,-2.90,0.00,-4.05,0.48,1.01,-0.28,-0.38,0.04,
07/08/2014,0.30,-0.10,0.20,0.30,0.40,0.30,-0.60,0.01,-0.05,0.01,0.24,0.35,0.35,0.45,0.30,0.40,0.00,0.10,-1.75,0.00,0.35,0.50,0.55,0.75,0.70,0.80,0.90,0.80,0.75,0.75,0.80,2.10,0.15,1.70,2.95,3.25,0.20,3.65,0.60,3.55,0.02,-0.20,-0.21,-0.09,-0.16,
04/09/2014,-4.60,-5.60,-5.30,-5.30,-2.80,-4.50,-4.30,-4.82,-4.78,-4.06,-3.22,-2.40,-1.74,-1.07,0.90,1.70,-6.55,0.00,0.00,-4.40,-4.25,-4.90,-5.15,-4.10,-2.95,-2.25,-1.45,-1.35,0.75,2.10,2.90,-6.60,-5.25,-6.30,-5.70,-6.20,-6.20,-5.85,-2.55,-5.50,0.99,1.35,-0.86,-0.75,-0.89,
02/10/2014,1.30,0.80,0.50,0.20,0.00,0.20,0.10,0.57,0.66,0.65,0.67,0.64,0.48,0.52,0.40,0.20,,0.00,-1.15,0.15,0.10,0.70,0.65,0.65,0.60,0.55,0.55,0.50,0.10,-0.10,-0.40,1.80,0.30,1.30,2.55,3.95,0.95,3.95,1.65,3.75,-1.61,-2.28,0.16,0.17,0.04,
06/11/2014,0.60,0.65,0.10,0.20,-0.20,-0.40,-0.60,-0.30,0.05,0.39,0.70,1.10,1.15,1.29,1.90,2.20,0.30,0.00,0.00,0.15,0.10,0.05,0.25,0.60,0.85,1.10,1.45,1.45,1.85,2.25,2.20,-2.10,0.20,-1.30,-2.65,-1.55,-0.30,-0.50,0.55,-3.05,1.19,0.92,-0.72,-0.56,-0.67,
04/12/2014,-0.80,0.15,0.40,0.90,0.90,1.10,0.80,1.20,1.42,1.28,1.26,1.14,1.08,1.03,-0.10,-0.30,-2.05,0.70,0.20,1.50,1.90,2.40,2.50,2.35,2.25,2.10,2.05,2.05,0.75,0.05,-0.65,0.40,1.60,0.55,-0.75,-0.75,2.35,0.25,1.85,1.05,-1.63,-2.64,0.51,0.55,0.48,
22/01/2015,-0.20,-0.18,-0.27,-0.64,-1.35,-2.21,-3.00,-3.90,-4.74,-6.24,-7.67,-8.12,-8.83,-8.79,-11.40,-12.30,-0.90,-0.70,-0.15,-2.20,-3.40,-4.50,-1.70,-7.15,-0.15,-10.75,-12.05,-12.70,-14.20,-4.70,-17.20,-5.50,-2.65,-5.65,-5.40,-7.75,-6.85,-13.95,-14.70,-15.00,0.48,0.63,-1.18,-0.95,-1.31,
05/03/2015,-0.70,-0.80,-0.10,0.00,-0.20,-0.10,-0.40,-1.30,-1.80,-2.00,-2.10,-2.27,-2.40,-2.20,-2.30,-2.40,0.00,-0.10,-0.10,0.60,-0.85,-2.15,-3.55,-3.55,-3.65,-3.95,-4.55,-4.35,-5.40,-5.75,-6.30,-4.45,0.15,-2.45,-4.85,-2.95,-3.05,-5.85,-3.55,-6.35,-0.07,-0.12,-0.29,-0.22,-0.42,
15/04/2015,2.80,1.05,0.08,0.30,0.74,0.89,1.00,0.77,0.50,0.00,-0.10,-0.39,-0.55,-0.60,-0.90,-1.00,-1.90,0.70,-1.10,0.60,0.65,0.60,0.50,0.20,-0.20,-0.35,-0.75,-0.70,-1.00,-1.35,-1.60,-0.90,0.65,-1.05,-1.35,-1.10,-0.10,-2.05,-1.40,-2.15,0.15,0.61,0.52,0.26,0.43,
03/06/2015,0.00,0.01,-1.14,0.21,0.33,0.80,1.50,2.35,3.35,4.15,4.94,5.71,6.25,6.80,7.70,7.50,0.00,-0.80,0.10,1.25,1.65,2.65,3.40,4.60,6.00,7.30,7.75,7.60,8.70,9.80,10.45,2.00,1.00,0.40,6.10,0.70,3.30,9.70,8.65,10.30,-0.32,-0.28,0.76,0.64,0.73,
16/07/2015,0.00,-0.01,-0.01,0.10,0.14,0.47,0.50,0.60,0.87,1.10,1.48,1.46,1.54,1.60,1.70,1.60,1.00,0.00,0.10,0.50,0.40,0.70,0.95,0.95,1.25,1.45,1.65,1.70,1.70,1.50,1.70,0.30,0.00,-0.25,-0.45,-1.55,0.70,-1.45,1.45,0.10,0.06,0.13,0.09,0.06,0.10,
03/09/2015,0.00,-0.11,-0.02,-0.10,-0.39,-0.72,-1.20,-1.82,-2.34,-2.38,-2.32,-2.20,-2.00,-1.80,-1.50,-1.00,,,-0.20,-1.45,-1.70,-2.60,-3.00,-2.95,-3.00,-2.80,-2.75,-2.80,-0.85,0.10,0.60,-2.35,-1.10,-1.70,-5.45,-4.55,-3.00,-4.35,-3.70,-4.55,0.96,0.97,-0.76,-0.74,-0.99,
22/10/2015,-0.70,0.00,-1.10,-2.48,-2.95,-3.70,-4.40,-4.10,-4.30,-4.20,-4.30,-4.20,-3.87,-3.85,-3.20,-2.75,0.00,-1.50,-2.80,-4.80,-5.05,-5.10,-5.00,-5.15,-5.35,-5.45,-5.35,-5.35,-4.45,-4.05,-3.85,-5.60,-4.85,-5.60,-10.80,-10.45,-5.50,-10.95,-6.75,-11.50,2.01,1.70,-1.36,-0.91,-0.80,
03/12/2015,4.00,5.18,6.61,8.13,9.88,11.57,12.20,12.60,12.96,12.80,12.70,12.70,12.56,12.25,11.10,10.00,4.67,7.60,12.26,13.35,14.08,15.38,15.10,15.70,15.74,15.97,16.19,15.89,13.98,12.31,10.60,12.83,12.91,12.45,18.05,16.30,15.96,21.30,18.70,25.59,-3.65,-2.03,2.47,1.82,2.39,
21/01/2016,0.20,0.69,-1.28,-2.56,-3.62,-4.24,-7.00,-4.30,-4.30,-4.20,-4.00,-3.71,-3.58,-3.32,-2.30,-1.50,-0.31,-1.96,-3.13,-3.60,-3.93,-4.05,-4.18,-3.94,-3.77,-3.56,-3.37,-3.30,-2.17,-1.28,-0.85,-1.81,-3.68,-2.70,-4.35,-3.80,-4.52,-4.70,-4.97,-5.50,0.40,0.92,-0.59,-0.75,-0.38,
10/03/2016,0.50,2.59,3.11,4.05,5.70,6.30,5.80,3.94,2.70,1.50,0.10,-1.30,-2.15,-3.35,-5.00,-5.50,2.90,3.70,5.70,8.65,7.19,6.19,5.35,3.70,1.37,-0.66,-2.71,-2.90,-3.88,-5.51,-6.02,0.13,6.68,1.50,-2.95,-2.55,4.43,-5.95,-3.79,-5.27,0.69,3.02,0.69,0.52,0.81,
21/04/2016,0.00,0.00,0.00,0.30,0.20,0.10,0.40,0.45,0.62,0.70,1.03,1.00,1.00,0.85,1.45,1.45,0.10,0.40,0.70,0.85,0.58,0.57,0.70,0.67,0.79,0.85,0.92,0.90,0.85,0.81,0.91,-0.46,0.64,-0.55,0.25,0.30,0.36,1.00,0.62,1.05,-0.25,-0.23,0.13,0.08,-0.10,
02/06/2016,0.00,0.00,0.00,0.00,-0.20,-0.40,-0.60,-1.10,-1.55,-1.90,-1.81,-2.13,-2.23,-2.42,-2.50,-2.20,0.00,0.00,0.00,0.45,-0.77,-1.19,-1.30,-1.67,-1.85,-2.17,-2.38,-2.35,-2.32,-2.12,-2.08,-0.95,-0.86,-0.20,-0.90,-1.45,-1.36,-2.75,-1.91,-1.93,-0.45,-1.69,-0.30,-0.14,-0.62,
21/07/2016,0.50,0.27,4.38,0.26,2.63,0.40,0.30,-0.10,-0.20,0.10,0.13,0.20,0.34,0.24,0.20,0.00,0.40,-0.15,-0.80,-0.60,-0.71,-0.73,-0.70,-0.65,-0.55,-0.65,-0.59,-0.70,-0.71,-0.75,-0.66,0.29,-0.43,-0.65,0.10,0.65,-0.38,0.80,-0.74,1.45,0.27,0.83,0.03,-0.17,0.20,
08/09/2016,0.00,1.00,0.86,0.90,1.38,1.74,3.10,2.12,2.20,1.72,1.38,1.40,1.05,1.00,0.30,0.10,0.00,0.80,1.20,2.65,2.86,3.27,3.50,2.98,2.44,1.74,1.47,1.30,0.48,-0.03,-0.52,1.76,2.34,1.80,3.75,1.75,3.47,4.40,2.62,6.80,-0.71,-0.65,0.15,0.36,0.16,
20/10/2016,0.50,0.00,0.00,0.00,-0.20,-0.40,-0.65,-1.20,-1.33,-1.83,-2.20,-2.42,-2.76,-2.92,-3.80,-4.10,0.00,-0.60,0.50,-0.50,-0.98,-1.53,-1.90,-2.44,-2.92,-3.45,-3.79,-3.90,-5.35,-6.48,-7.60,-0.39,-0.46,-0.40,-1.15,-0.90,-1.71,-1.85,-3.95,-1.85,0.10,0.32,-0.32,-0.04,-0.33,
08/12/2016,-0.10,0.00,0.07,-0.09,0.48,1.02,0.40,-0.40,-0.10,0.60,1.50,2.33,3.01,3.50,4.50,4.90,-1.50,-0.60,-0.10,-3.50,-3.58,-3.94,-4.20,-2.45,-0.08,1.31,3.07,3.15,4.32,5.79,6.70,-4.62,-2.58,-5.35,-2.30,-1.90,-4.27,3.50,2.10,3.05,0.76,2.03,-1.39,-0.81,-0.77,
19/01/2017,0.00,0.00,-0.03,0.00,0.00,-0.37,-0.40,-0.58,-0.45,-0.64,-0.88,-1.00,-1.23,-1.20,-1.20,-1.10,0.00,0.10,0.70,0.00,0.06,-0.40,-0.70,-1.03,-1.18,-1.36,-1.48,-1.45,-1.43,-1.17,-1.02,-0.13,0.15,-0.40,0.15,-0.25,-0.44,-0.60,-1.00,-1.05,0.35,0.71,-0.51,-0.44,-0.03,
09/03/2017,0.00,-0.47,-0.01,0.21,0.64,2.00,3.10,3.74,4.24,4.21,4.07,4.20,3.95,3.60,3.50,3.35,-1.00,-1.60,-1.35,-1.60,0.35,0.95,1.50,2.12,2.39,2.28,2.82,2.65,2.67,2.13,2.04,3.18,-1.41,3.00,2.70,2.50,0.81,2.45,3.70,3.85,0.39,1.20,0.29,0.05,0.38,
27/04/2017,0.60,-0.65,0.60,-0.60,-0.33,-0.91,-2.00,-1.30,-1.09,-1.65,-1.55,-1.45,-1.70,-1.61,-1.60,-1.55,-0.70,1.00,-2.05,-1.65,-2.07,-2.20,-2.40,-2.14,-2.74,-2.77,-2.82,-2.40,-2.18,-1.89,-1.79,-0.03,-1.31,-0.65,-1.90,-0.60,-2.60,-1.30,-3.25,-1.80,0.03,0.14,-0.39,-0.16,-0.28,
08/06/2017,0.00,0.00,-0.12,-0.12,-0.24,-0.76,-0.85,-0.60,-0.65,-0.60,-0.70,-0.80,-0.80,-0.91,-1.30,-1.40,-2.00,0.80,-0.35,-1.25,-1.44,-1.50,-1.60,-1.78,-1.88,-2.03,-2.05,-2.10,-2.11,-2.17,-2.54,-2.98,0.08,-2.35,-5.70,-2.20,-2.00,-2.40,-3.79,-5.25,-0.17,-0.81,-0.19,0.01,-0.06,
20/07/2017,0.00,-1.82,-0.12,-0.76,-0.85,-0.73,-1.00,-1.40,-1.76,-1.72,-1.85,-1.66,-1.80,-1.80,-1.40,-1.20,0.20,0.20,-0.45,-1.10,-1.25,-2.05,-2.65,-2.76,-2.72,-2.87,-2.80,-2.60,-2.04,-1.94,-1.46,-2.46,-0.95,-3.10,-5.95,-4.30,-2.95,-6.90,-4.51,-7.95,0.06,0.34,0.57,0.38,0.44,
07/09/2017,0.00,0.00,0.81,-0.20,-0.50,0.65,-1.20,-1.50,-1.75,-2.03,-2.05,-2.00,-2.20,-2.40,-2.00,-1.80,-2.20,-0.50,-1.75,-1.85,-2.31,-2.59,-2.75,-2.72,-3.06,-2.80,-2.95,-2.90,-2.68,-2.32,-2.15,-2.13,-1.34,-1.35,-3.45,-3.10,-2.85,-3.90,-3.61,-4.85,0.06,-0.01,0.03,0.14,0.06,
26/10/2017,0.20,0.00,0.00,0.40,0.01,-0.51,-0.80,-1.23,-1.53,-1.30,-1.43,-1.37,-1.25,-1.20,-0.60,-0.25,-0.80,0.15,-1.90,-2.20,-2.38,-2.64,-2.70,-2.64,-2.53,-2.22,-2.00,-2.05,-1.43,-0.98,-0.65,-2.14,-2.33,-2.55,-4.82,-3.85,-2.57,-5.25,-2.15,-6.75,0.40,0.21,-0.71,-0.48,-0.54,
14/12/2017,0.00,0.02,-0.48,0.00,-0.02,0.03,0.20,0.44,0.60,0.60,0.85,0.85,0.75,0.76,0.70,0.55,0.00,0.00,0.00,0.60,1.00,1.23,1.60,1.49,1.61,1.51,1.55,1.45,1.28,1.16,1.00,0.06,1.41,-0.35,1.26,0.95,1.43,1.70,1.28,2.60,0.20,0.03,-0.25,-0.15,-0.23,
25/01/2018,-0.20,0.00,0.00,0.10,-0.15,0.58,1.55,3.24,4.16,4.46,4.36,4.09,3.76,3.51,1.75,0.75,1.20,0.40,1.30,1.35,2.65,4.15,5.25,5.33,4.91,4.89,4.20,3.85,2.76,1.75,0.45,2.93,2.17,2.45,4.78,3.15,5.37,4.30,4.78,6.75,-0.61,0.54,0.47,0.34,0.51,
08/03/2018,0.00,-0.18,0.41,0.50,-0.15,-0.03,-0.40,-0.55,-0.86,-1.03,-1.07,-1.43,-1.70,-1.81,-2.25,-2.25,0.00,-0.40,-1.00,-1.54,-1.75,-1.60,-1.70,-1.81,-2.02,-2.07,-1.65,-2.10,-2.25,-2.04,-1.95,-1.53,-0.05,-4.20,-2.80,-1.50,-1.65,-2.20,-2.80,-3.30,0.66,0.95,-0.03,-0.02,-0.08,
26/04/2018,0.00,0.00,-0.10,0.00,-0.16,-0.53,-0.55,-0.27,-0.09,-0.01,0.26,0.15,0.25,0.24,0.50,0.30,0.50,0.00,-0.30,0.05,-0.10,0.10,0.25,0.31,0.65,0.47,0.50,0.65,0.67,0.71,0.50,-0.15,-0.05,-0.05,0.55,0.55,0.18,1.10,0.59,1.20,-0.12,-0.41,0.02,-0.15,0.06,
14/06/2018,0.80,-0.58,0.00,-0.61,-0.79,-2.86,-3.60,-4.35,-4.80,-5.08,-4.57,-4.26,-3.85,-3.45,-2.50,-1.50,0.00,0.00,-1.05,-3.35,-4.40,-5.45,-6.45,-6.21,-5.80,-5.55,-5.05,-5.10,-2.72,-2.21,-1.00,-18.25,-3.32,-2.50,-16.65,-7.30,-7.43,-6.60,-7.73,-11.30,1.24,-0.10,-1.32,-0.62,-1.02,
26/07/2018,0.00,0.00,0.00,0.00,0.00,-0.49,-0.85,-0.90,-1.04,-1.06,-1.07,-1.00,-1.09,-1.10,-1.00,-0.75,0.00,0.00,-0.80,-1.13,-1.21,-1.53,-1.60,-1.78,-1.86,-1.85,-1.95,-2.05,-1.51,-1.64,-1.55,0.05,-1.30,-2.40,-1.05,-1.90,-2.04,-1.70,-2.35,-1.00,0.24,-0.21,-0.26,-0.05,-0.07,
13/09/2018,0.00,0.00,0.00,-0.17,-0.12,-0.42,1.80,0.45,0.79,0.81,1.11,1.04,1.09,0.99,1.15,1.15,0.00,0.00,0.40,1.12,1.13,1.29,1.25,1.42,1.46,1.70,1.75,1.90,1.87,2.04,2.00,-0.45,1.00,0.75,-1.45,0.35,1.37,-0.10,1.52,-1.95,-0.19,0.22,0.58,0.06,0.61,
25/10/2018,0.00,-0.03,0.60,-0.04,-0.12,-0.17,-0.30,-0.57,-0.91,-0.83,-0.61,-0.55,-0.47,-0.40,-0.55,-0.60,1.00,0.10,-0.10,0.05,-0.07,-0.32,-0.60,-0.58,-0.52,-0.65,-0.60,-0.60,-0.72,-0.94,-1.00,-1.10,-0.12,0.30,-1.40,1.05,-0.22,0.50,-0.31,-0.70,-0.60,-1.06,-0.27,0.14,-0.25,
13/12/2018,-0.90,0.00,0.00,0.00,-0.23,-0.69,-0.70,-1.20,-1.55,-1.43,-1.45,-1.45,-1.49,-1.34,0.00,0.00,-0.80,-0.10,-0.60,-1.50,-1.75,-2.10,-2.39,-2.37,-2.23,-2.10,-2.00,-2.05,-1.31,-1.13,-0.70,4.75,-1.17,-0.20,7.45,0.60,-2.12,0.10,-1.01,7.60,0.12,-0.39,-0.32,-0.14,-0.22,
24/01/2019,0.00,0.00,-0.60,-0.20,-0.31,-0.62,-0.50,-0.30,-0.39,-0.58,-0.78,-0.91,-0.95,-1.02,0.00,0.00,0.20,0.70,-0.25,-0.40,-0.48,-0.45,-0.68,-0.61,-0.69,-0.85,-0.90,-0.90,-1.19,-1.17,-1.40,1.95,0.50,-0.45,3.50,-0.05,0.02,0.95,-0.83,2.45,-0.61,-1.99,0.19,0.01,-0.06,
07/03/2019,0.00,-0.36,-0.49,-0.20,-0.75,-2.15,-2.85,-3.20,-3.65,-3.73,-3.90,-3.88,-3.90,-4.28,-3.35,-2.80,-0.40,-0.20,-0.95,-1.55,-2.24,-2.50,-3.33,-3.32,-3.36,-3.40,-3.35,-3.20,-2.64,-2.30,-1.75,-8.50,-1.91,-2.90,-10.60,-6.80,-4.81,-7.15,-5.56,-8.80,-0.36,-3.13,-0.65,-0.44,-0.76,
10/04/2019,0.10,-0.15,-0.16,-0.15,-0.49,-1.70,-3.60,-3.02,-3.11,-3.17,-3.05,-3.05,-3.24,-3.23,-2.40,-2.10,0.00,0.10,-0.85,-1.45,-1.82,-2.25,-3.19,-3.13,-3.14,-3.20,-3.20,-3.15,-2.32,-2.17,-1.55,1.45,-1.21,-1.40,1.20,-2.20,-2.86,-2.10,-3.06,0.75,0.04,-0.64,-0.31,-0.17,-0.42,
06/06/2019,0.20,1.23,1.77,1.55,2.68,2.88,3.00,2.91,3.01,2.84,2.50,2.30,1.95,1.78,1.00,0.50,0.30,0.60,1.90,2.45,2.55,2.80,3.05,2.81,2.49,2.00,2.11,1.65,1.02,0.12,-0.30,4.30,2.36,2.20,4.90,2.70,2.79,2.15,2.10,7.30,-0.59,-1.07,0.20,0.19,0.26,
25/07/2019,2.00,4.14,2.75,2.19,2.00,1.91,2.10,2.04,2.31,2.53,2.71,2.97,3.32,3.11,3.00,3.80,2.20,1.60,2.50,2.60,2.62,2.69,2.93,3.11,3.35,3.58,4.03,3.70,4.34,5.12,5.55,4.30,1.88,1.10,3.85,0.30,3.15,1.90,3.94,4.55,-0.74,-0.60,0.23,0.30,0.60,
12/09/2019,2.80,4.10,4.12,5.50,6.89,7.89,6.20,6.10,5.30,4.55,4.55,3.65,3.65,3.30,2.40,1.60,2.50,2.20,9.00,8.35,7.84,6.89,6.23,5.32,4.35,3.45,2.59,2.55,1.75,1.39,0.50,3.95,7.96,-1.10,-9.75,-2.45,5.42,-6.15,0.95,-13.95,0.04,-0.67,0.01,-0.08,-0.08,
24/10/2019,0.00,0.04,0.07,0.07,0.13,0.24,1.30,-0.20,-0.50,-0.60,-0.70,-0.80,-0.95,-0.90,-1.00,-0.70,0.00,0.10,-0.25,0.00,-0.11,-0.43,-0.54,-0.67,-0.90,-1.10,-1.30,-1.25,-1.25,-1.36,-1.30,-0.90,0.10,-0.30,-1.70,-0.50,-0.75,-1.10,-1.40,-2.15,-0.22,-0.31,-0.04,0.10,-0.10,
12/12/2019,0.50,0.15,-0.18,0.15,0.13,0.30,0.45,0.85,1.60,1.80,2.05,2.05,2.15,2.30,2.40,2.50,0.00,-0.20,0.90,0.86,1.28,1.69,2.30,2.53,2.75,2.81,2.95,3.00,3.14,3.15,2.65,0.65,0.56,0.15,2.70,1.70,2.16,3.05,2.85,3.65,0.33,1.52,0.02,0.04,0.22,
23/01/2020,0.00,0.02,0.97,0.90,-0.51,-1.05,-1.40,-1.90,-2.15,-2.25,-2.35,-2.50,-2.65,-2.80,-2.70,-2.50,0.00,-0.10,-0.55,-1.35,-1.83,-2.16,-2.40,-2.57,-2.70,-2.79,-2.90,-2.95,-2.82,-2.64,-2.60,-1.95,-0.97,-0.40,-2.10,-1.55,-2.44,-2.10,-3.00,-1.70,-0.47,-1.64,-0.20,-0.12,-0.37,
12/03/2020,7.50,10.57,10.35,8.61,7.71,6.56,3.80,4.40,3.50,2.60,1.85,1.00,1.15,-0.30,-2.60,-0.40,6.90,4.80,3.85,3.60,3.82,2.23,1.70,1.49,0.65,0.10,-0.40,-0.20,-0.89,-1.53,-1.55,33.80,11.60,1.20,44.00,14.10,14.98,16.75,14.50,45.60,-3.98,-8.24,-0.59,-0.23,0.58,
30/04/2020,0.70,1.64,1.35,1.15,0.61,-0.87,-1.40,-2.35,-2.95,-2.65,-2.75,-2.40,-2.30,-2.20,-3.00,-1.90,0.30,0.00,2.55,-1.60,-1.82,-4.11,-3.40,-3.29,-2.85,-2.02,-2.70,-2.60,-2.82,-2.41,-2.10,-6.60,-1.87,0.50,-3.95,-4.30,-3.20,-1.00,-0.60,2.50,-1.14,-2.49,-0.25,-0.07,-0.22,
04/06/2020,0.00,0.01,0.48,0.27,0.04,-0.44,-0.85,0.60,0.50,0.85,1.20,1.70,2.70,2.80,4.70,5.40,0.00,0.00,-0.40,0.90,1.42,1.31,1.30,1.79,2.95,3.11,3.40,3.35,5.35,5.78,6.70,-20.35,-0.18,-0.8,-21,-6.3,-2.605,-8.2,-2.1,-19.55,0.02,1.4,0.56,0.48,0.42,
